SIAAF;20666256;FECHADO
SIAAF;20668238;FECHADO
SIAAF;20695685;FECHADO
SIACC;20580111;FECHADO
SIACC;20439793;FECHADO
SIACC;19808304;FECHADO
SIACC;19811957;FECHADO
SIACC;19883074;FECHADO
SIACC;19987017;FECHADO
SIACG;20642893;FECHADO
SIACG;20495323;FECHADO
SIACG;20514687;FECHADO
SIACL;19512641;FECHADO
SIACM;20435380;FECHADO
SIAFF;20617489;FECHADO
SIAPC;20658344;FECHADO
SIAPC;20512219;FECHADO
SIAPF;20461459;FECHADO
SIAPF;20439364;FECHADO
SIAPF;20414338;FECHADO
SIAPF;19811460;FECHADO
SIAPI;20623432;FECHADO
SIAPI;20541637;FECHADO
SIAPI;20544644;FECHADO
SIAPI;20535222;CANCELADO
SIAPI;19894048;FECHADO
SIAPT;20506843;FECHADO
SIAPX;20631154;FECHADO
SIAPX;20641545;FECHADO
SIAPX;19886377;FECHADO
SIAPX;19369403;FECHADO
SIARA;20648809;FECHADO
SIARA;20469472;FECHADO
SIARA;20463908;FECHADO
SIARA;20402027;FECHADO
SIARA;20281380;FECHADO
SIARA;19622326;FECHADO
SIARC;19543435;FECHADO
SIATR;20413234;FECHADO
SIATR;19920903;FECHADO
SIATR;19997761;FECHADO
SIATR;19807925;FECHADO
SIAUD;20612741;FECHADO
SIAUT;19484225;FECHADO
SIAVO;20649767;FECHADO
SIAVO;20621009;FECHADO
SIAVO;20613449;FECHADO
SIB2B;20669670;FECHADO
SIB2B;20650624;FECHADO
SIB2B;20589652;FECHADO
SIB2B;20560135;FECHADO
SIB2B;20540601;FECHADO
SIB2B;20493492;FECHADO
SIB2B;20493600;FECHADO
SIB2B;20501239;FECHADO
SIB2B;20501543;FECHADO
SIB2B;20479245;FECHADO
SIB2B;20477146;FECHADO
SIB2B;20462788;FECHADO
SIB2B;20439372;FECHADO
SIB2B;20454896;FECHADO
SIB2B;20462557;FECHADO
SIB2B;20422030;FECHADO
SIB2B;20422042;FECHADO
SIB2B;20393614;FECHADO
SIB2B;20422001;FECHADO
SIB2B;20421999;FECHADO
SIB2B;20422011;FECHADO
SIB2B;20422010;FECHADO
SIB2B;20422003;FECHADO
SIB2B;20422006;FECHADO
SIB2B;20422007;FECHADO
SIB2B;20422005;FECHADO
SIB2B;20422009;FECHADO
SIB2B;20422013;FECHADO
SIB2B;20422014;FECHADO
SIB2B;20422016;FECHADO
SIB2B;20422017;FECHADO
SIB2B;20422019;FECHADO
SIB2B;20422020;FECHADO
SIB2B;20422021;FECHADO
SIB2B;20422023;FECHADO
SIB2B;20422024;FECHADO
SIB2B;20422026;FECHADO
SIB2B;20422027;FECHADO
SIB2B;20422028;FECHADO
SIB2B;20423333;FECHADO
SIB2B;20396163;FECHADO
SIB2B;20076013;FECHADO
SIB2B;19602519;FECHADO
SIBAR;20413915;FECHADO
SIBAR;20502576;FECHADO
SIBAR;19325936;FECHADO
SIBAR;19067087;FECHADO
SIBAR;19146805;FECHADO
SIBEC;20647032;FECHADO
SIBRJ;20000122;FECHADO
SIBRJ;19865315;FECHADO
SIBSA;20629880;FECHADO
SIBSA;20596059;FECHADO
SIBSA;20310678;FECHADO
SIBSA;19573793;FECHADO
SICAP;20581469;FECHADO
SICBS;20072185;FECHADO
SICCR;20530218;FECHADO
SICCR;20622735;FECHADO
SICCR;20520775;FECHADO
SICCR;20526537;FECHADO
SICCR;20528330;FECHADO
SICCR;20528942;FECHADO
SICCR;20549341;FECHADO
SICCR;20550660;FECHADO
SICCR;20556604;FECHADO
SICDC;19851700;FECHADO
SICEA;19684376;FECHADO
SICEA;19491783;FECHADO
SICNX;20487523;FECHADO
SICOP;20439726;FECHADO
SICOV;19631251;FECHADO
SICOV;19800274;FECHADO
SICOV;19549099;FECHADO
SICPC;20716738;FECHADO
SICPU;20682023;FECHADO
SICPU;19705658;FECHADO
SICPU;19493906;FECHADO
SICRM;20606069;FECHADO
SICRM;20520649;FECHADO
SICRM;20516676;FECHADO
SICRM;20508720;FECHADO
SICRM;20392082;FECHADO
SICRM;19845178;FECHADO
SICRM;19877536;FECHADO
SICRM;19882948;FECHADO
SICRM;19877234;FECHADO
SICRM;19877138;FECHADO
SICRM;19686887;FECHADO
SICRM;19683165;FECHADO
SICRM;19686876;FECHADO
SICRM;19639030;FECHADO
SICRM;19573794;FECHADO
SICRS;20293635;FECHADO
SICSD;20623147;FECHADO
SICSD;20613544;FECHADO
SICSD;20535151;FECHADO
SICSD;20535225;FECHADO
SICSD;20528211;FECHADO
SICSD;20532299;FECHADO
SICSD;20520675;FECHADO
SICSD;20506760;FECHADO
SICSD;20505311;FECHADO
SICSD;20504783;FECHADO
SICSD;20494139;FECHADO
SICSD;20466827;FECHADO
SICSD;20428322;FECHADO
SICSD;20427707;FECHADO
SICSD;20413536;FECHADO
SICTB;20556735;FECHADO
SICTM;20576811;FECHADO
SICTM;20397991;FECHADO
SICTM;20462574;FECHADO
SICTM;20361064;FECHADO
SICTM;19295068;FECHADO
SICTM;19285465;FECHADO
SIDEC;20424861;FECHADO
SIDEC;20353834;FECHADO
SIDEO;20408271;FECHADO
SIDFG;20670962;FECHADO
SIDFG;20687375;FECHADO
SIDIM;20500426;FECHADO
SIDIM;19639862;FECHADO
SIDMF;20598772;FECHADO
SIDPN;20694601;CANCELADO
SIDPN;20678598;FECHADO
SIDPN;20656339;FECHADO
SIDPN;20659895;CANCELADO
SIDPN;20661208;FECHADO
SIDPN;20664093;FECHADO
SIDPN;20664104;FECHADO
SIDPN;20664105;FECHADO
SIDPN;20664096;FECHADO
SIDPN;20657700;FECHADO
SIDPN;20656534;FECHADO
SIDPN;20638078;FECHADO
SIDPN;20638079;FECHADO
SIDPN;20638080;FECHADO
SIDPN;20630085;FECHADO
SIDPN;20624657;FECHADO
SIDPN;20608450;FECHADO
SIDPN;20609613;FECHADO
SIDPN;20620338;FECHADO
SIDPN;20620999;FECHADO
SIDPN;20605690;FECHADO
SIDPN;20599092;FECHADO
SIDPN;20583605;FECHADO
SIDPN;20581044;FECHADO
SIDPN;20559664;FECHADO
SIDPN;20556987;FECHADO
SIDPN;20556921;FECHADO
SIDPN;20559884;CANCELADO
SIDPN;20551300;FECHADO
SIDPN;20550318;FECHADO
SIDPN;20549403;FECHADO
SIDPN;20549398;FECHADO
SIDPN;20550309;FECHADO
SIDPN;20550320;FECHADO
SIDPN;20544296;FECHADO
SIDPN;20521546;FECHADO
SIDPN;20527084;FECHADO
SIDPN;20528490;FECHADO
SIDPN;20526584;FECHADO
SIDPN;20371535;FECHADO
SIDPN;20359481;FECHADO
SIDPN;19931126;FECHADO
SIECM;19770499;FECHADO
SIEDE;20539294;FECHADO
SIEMP;20637296;FECHADO
SIEMP;20479005;FECHADO
SIEMP;20402083;FECHADO
SIEMP;20401921;FECHADO
SIEMP;20076903;FECHADO
SIEPA;20698373;FECHADO
SIERE;19240066;FECHADO
SIEXC;20406055;FECHADO
SIFDL;20464996;FECHADO
SIFDL;20219586;FECHADO
SIFMP;20406044;FECHADO
SIFMP;19914595;FECHADO
SIFMP;19888727;FECHADO
SIFMP;19882102;FECHADO
SIFOB;20464194;FECHADO
SIGAF;20485606;FECHADO
SIGBK;20664052;FECHADO
SIGCB;20372731;FECHADO
SIGCB;20373028;FECHADO
SIGCB;20156814;FECHADO
SIGCB;19963437;FECHADO
SIGCX;19474729;FECHADO
SIGDB;19414398;FECHADO
SIGEC;20548202;FECHADO
SIGEC;20590190;FECHADO
SIGEL;19232931;FECHADO
SIGEL;19200523;FECHADO
SIGEL;19023502;FECHADO
SIGHB;20539410;FECHADO
SIGHB;20545591;FECHADO
SIGHB;20476086;FECHADO
SIGHB;20471140;FECHADO
SIGHB;19864493;FECHADO
SIGIA;19673149;FECHADO
SIGID;20049184;FECHADO
SIGMC;19928923;FECHADO
SIGMS;20547943;FECHADO
SIGPF;20291743;FECHADO
SIGPF;19512492;FECHADO
SIGPL;20703590;FECHADO
SIGQI;20472858;FECHADO
SIGQI;20428389;FECHADO
SIGQI;20117304;FECHADO
SIGRO;19053522;FECHADO
SIGRO;19053524;FECHADO
SIGRO;19053578;FECHADO
SIGRO;19053606;FECHADO
SIGSR;19772272;FECHADO
SIIBC;20466709;FECHADO
SIIBC;20276975;FECHADO
SIIBS;20682699;FECHADO
SIIBS;20537496;FECHADO
SIIFE;20606354;FECHADO
SIIFE;20541619;FECHADO
SIIFE;20541617;FECHADO
SIIFE;20456201;FECHADO
SIIFE;20436114;FECHADO
SIIFE;19872447;FECHADO
SIIFE;19734562;FECHADO
SIINA;20561105;FECHADO
SIINA;19585624;FECHADO
SIIPC;20393832;FECHADO
SIJUR;20672242;FECHADO
SILDC;20609921;FECHADO
SILDC;20597077;FECHADO
SILDC;20596310;FECHADO
SILDC;20561551;FECHADO
SILDC;20556734;FECHADO
SIMAA;20700593;FECHADO
SIMJT;20439383;FECHADO
SIMPI;20399464;FECHADO
SIMPI;19683710;FECHADO
SIMPI;19297571;FECHADO
SIMTR;20451314;FECHADO
SINAC;20422380;FECHADO
SINAC;19374926;FECHADO
SINAC;19327157;FECHADO
SINAD;20365892;FECHADO
SINAD;19892236;FECHADO
SINAD;19325266;FECHADO
SINBC;20570533;FECHADO
SINBC;20392666;FECHADO
SINBC;19739292;FECHADO
SINDA;20393398;FECHADO
SINDA;20393970;FECHADO
SINDA;20418703;FECHADO
SINDA;19806717;FECHADO
SINEP;19476984;FECHADO
SIOPI;20589506;FECHADO
SIOPI;20475893;FECHADO
SIORM;19788126;FECHADO
SIPBF;20620126;FECHADO
SIPBF;20594173;FECHADO
SIPCI;20598786;FECHADO
SIPCT;20583974;FECHADO
SIPES;20049171;FECHADO
SIPES;19587084;FECHADO
SIPLA;20474891;FECHADO
SIPLA;20472880;FECHADO
SIPLA;20444512;FECHADO
SIPLA;19954355;FECHADO
SIPLD;20607022;FECHADO
SIPLD;20408275;FECHADO
SIPLD;20503003;FECHADO
SIPLD;20487245;FECHADO
SIPON;19689375;FECHADO
SIRBI;20669652;FECHADO
SIRFF;20467468;FECHADO
SIRIC;20709796;FECHADO
SIRIC;20658351;FECHADO
SIRIC;20516655;FECHADO
SIRIC;20512168;FECHADO
SIRIC;19500026;FECHADO
SIRIM;20573359;FECHADO
SIRTA;20589637;FECHADO
SIRUR;19875707;FECHADO
SISAG;20690169;FECHADO
SISET;20535762;FECHADO
SISET;20410638;FECHADO
SISET;20365205;FECHADO
SISET;19952887;FECHADO
SISGF;20397271;FECHADO
SISGH;20595373;FECHADO
SISGH;19731131;FECHADO
SISIB;20676803;FECHADO
SISNP;20207104;FECHADO
SISOU;20006685;FECHADO
SISOU;20042316;FECHADO
SISOU;20042376;FECHADO
SISOU;20042400;FECHADO
SISOU;20042416;FECHADO
SISOU;20042473;FECHADO
SISPB;20492318;FECHADO
SISPI;20634743;FECHADO
SISPI;20496118;FECHADO
SISPI;20094549;FECHADO
SISPI;19375590;FECHADO
SISPI;19349366;FECHADO
SISPI;19469929;FECHADO
SISPL;20556833;FECHADO
SISPL;20350859;FECHADO
SISPL;20350860;FECHADO
SISPL;19916589;FECHADO
SISPL;19650048;FECHADO
SISPL;19482807;FECHADO
SISRH;19536173;FECHADO
SISTA;20466720;FECHADO
SITAH;20547282;FECHADO
SITAH;20462443;FECHADO
SITAH;20393258;FECHADO
SITAX;20525148;FECHADO
SITAX;20525150;FECHADO
SITAX;20525151;FECHADO
SITAX;20436335;FECHADO
SITDF;20695588;FECHADO
SITKN;20508529;FECHADO
SITOP;20432002;FECHADO
SITRC;19603973;FECHADO
SITRF;20626732;FECHADO
SITRF;20602192;FECHADO
SIWPC;20485195;FECHADO
SIWPC;20508743;FECHADO