Area_Projeto;Arquivada
SICAC;false
SISCC#1;true
SID54#1;true
SIAPP;false
Coordenação de Requisitos e Teste Independente – Rio de Janeiro;true
SIBDC#1;true
SINAF-PCU;true
SICDC_OLD;true
SICDC;false
SIBAN_OLD;true
SIDEC;false
SICRI#1;true
SIBDC;true
SIFGI_old;true
SIFGE_old;true
SICOL#1;true
Teste_Estruturado_SP;true
SIGDP#1;true
SICRI;false
SIFGU;false
SIWEG;false
SIAPR;true
SIBEC;false
TEST;true
SIICO (0785);true
SIGTX;true
SIINF#1;true
SIWCC;true
SIBEC_OLD;true
Gestão de demandas de TI Treinamento;true
SIBEN;false
SIEVJ#1;true
SICUT#1;true
SIFOB;false
SIIRC#1;true
SIWGE#1;true
SICDN;true
SIWGE;false
SIATM#1;true
SITAH;false
SIERE#1;true
SIFOU#1;true
SIGJU;true
SIABE_OLD;true
SIPAN_HOMOLOGAÇÃO;false
SIATS_OLD;true
SIOCS;false
SIROT_OLD;true
SICCL_OLD;true
SIUNI_OLD;true
SIVPF;false
SIGTR_OLD;true
SIOMS;false
SITAEWEB;true
SISDE_SP;false
SICID - SP;false
Coordenação Projetos de Desenvolvimento Externo - CEDESRJ113;true
SIROT;false
SISBM;true
SIIPP;true
SIFLX_OLD;true
SITMO_OLD;true
SIRET_OLD;true
SIOCS_OLD;true
Mapeamento de Habilidades;true
SIMAA_OLD;true
teste;true
SIESP;false
SIISO;false
SIDES;false
SICET.AreaInvalida;true
SITLO;false
SICUC_OLD;true
Coordenação de Gestão de Contratos – BR;false
SIPAQ;true
SIFAP;false
SIICO - LOCALIDADES RJ;false
SISFI_CAMBIO_OLD;true
SIICO - UNIDADES RJ;false
SIICO - SISTEMAS RJ_OLD;true
Treinamento Gestão de Demandas de TI;true
SIFCV_old;true
SIGCT ARQUIVADA;true
PEDEPSP_OLD;true
Central de Incidentes - São Paulo;false
Gestão de Contratos - BR;true
SIERC;false
SICAL_OLD;true
SIAMS;false
PEDEPBR;false
SIGCP;false
Implantacao RJ Gestao de Demandas;true
SICAL;false
SICAP_CAPCAIXA;false
PECAC;false
Base de Conhecimento - Brasília;false
SIGPB;false
SILCE#1;true
SILIS;false
SIDEO#1;true
Escritório de Mobilidade;false
SIEGH_OLD_ARQUIVADA;true
SIINB - Substituído pelo SIGBD;true
SICAA;true
SIOPI-OLD_ARQUIVADA;true
SIFDM;true
SIAPT;false
SIAPV;true
SIORC;true
SICOU;true
SISPB MONTED;false
SISFIN - BR;false
SIAPP - NÃO INICIALIZADO;true
Teste_Unificado_SP;true
Coordenação Governança Corporativa;false
SICQM_OLD;true
SIGIP;false
ARQUIVAR;true
SICRD_OLD;true
GESOL;true
SICNR;false
CEDESRJ062 - Métricas;true
SICOT;true
SICOP_old;true
SIIGS#1;true
SIFUG_old;true
MIGRA1;true
SIPIS_OLD;true
SICRB;false
SIIGS;true
SIFGS_old;true
SIIND_old;true
SICEM#1;true
SISRP;true
SICLI;false
SIU01;true
SIUMP_OLD;true
SIPPT;true
SINGE;false
SISCF;true
SIRBA#1;true
SIIAC;false
SILOC#1;true
SIGPR;true
SICSH;true
SIGRQ;true
SIPRA#1;true
SIU22;true
SIMDC#1;true
SIU34#1;true
TIME DE EXECUÇÃO GT PRESI RPS;false
SIEBR#1;true
SIA18;true
SITMA#1;true
SIEVE#1;true
SIAVS#1;true
SISCM;true
SIU34;true
TESTE_AtualizaçãoXML03;true
SIPUB;true
SIPET;true
SICHC;false
Escritório de Projetos - CEDESBR;false
PEFUG_DESENV_ARQUIVADA;true
Piloto Cenario Agil - CNDESRJ;true
SIFCI;true
CEDESRJ060 - Coordenação da Qualidade do Processo;false
SICAS;false
SICQL;false
SICAR;false
PECOC - SIGRC;true
SIAPV_OLD;true
SIAFG_OLD;true
SIMAT;true
SIGAL#1;true
SIJUR;false
SIVPF_OLD;true
SISAG_OLD;true
SIAAD;false
SICOV;false
Planos Operacionais;true
SISAG;false
SIROB;true
SIICO Feriados;true
SIGMS_OLD;true
SIPCR;true
SIICO Revitalização;true
SIMOP;true
SIGRB;true
SIAGT_OLD;true
SITAR;true
GEMOD - Modelos e Contratos;true
SIRN3_OLD;true
SIFGS_SP_OLD;true
SICDT;false
SIACL;false
SIGDB_OLD;true
SISR4;false
SICCH_CLIENTE_OLD;true
SIAPS (1145);true
SIMOC_OLD;true
SIMTC_OLD;true
SICID - Cartão do Cidadão;true
SIGCT#1;true
SISREP;true
SINAV#1;true
Modelo de Atendimento;true
SIICO - SISTEMAS RJ;false
SITAG;false
SIGDC;false
#SICSF_Erro;true
SICDU#1;true
teste001;true
SIPLA#1;true
SISREP#1;true
SIFGE_OLD;true
Mapeamento de Habilidade;true
SICDU;false
Treinamento Projeto Piloto;true
SIAGP#1;true
SIABC;true
CEPTIBR - Central de Atendimento;true
SID03_OLD;true
SIGCP#1;true
SI002;true
SIPGC;false
SIAMI_OLD;true
SIAMI;false
SIEDT;false
SICFM;false
SIGSC#1;true
SIMBR#1;true
SIPGC#1;true
SICOB_COBCAIXA;false
SISUR;false
SIWIN;false
SIFCF;false
SITRP;false
SISUR_old;true
SIDAT;false
SIFGS;false
SIREM;false
SIMUM;true
SIBND#1;true
SIPCL#1;true
SIGPE#1;true
SIGET#1;true
SIGRO;false
SIELT;false
SICOA#1;true
SIPCC#1;true
CEDESRJ655;true
SIFIT#1;true
SICAN#1;true
SIFCT#1;true
SICGR;false
SIAGR PEDeS;true
SIFCT;true
SIGFO#1;true
SIGRN;true
SIGVR;true
siteste;true
SIATT;true
SIDGO;false
GEITI;true
Gerência de Incidentes - Sineiro;false
SISTN;false
SIFIX;false
Sistema de Administração do Portfólio de Projetos;true
SIVOV_ARQUIVADA;true
OLD - Projeto Governança 2011;true
Piloto de Cenario Agil - CNDESRJ;true
GECSP;true
SIXXX_ARQUIVADA;true
SIAEC;false
Cadastro Único;true
SITDF;false
SITEF_OLD;true
SIMEN;true
SIOPI;false
SIOCR_OLD;true
SIAGD;false
SIAOI#1;true
SILIG;false
SIB24_OLD;true
SIMOS#1;true
SIEPC;false
SIAAR#1;true
SIMON;true
SIRSP;false
SITESTA;true
SISID;true
SINEB;false
SIWMV;true
SICMU;false
SIRNI;true
SIARB;true
SIEOC;true
SINFS;false
SIPSO;true
SICPF_old;true
PEDEP-SP;true
SIU62;true
SICRH;false
Teste - 2011-02-18;true
SIAXS;true
SIGCO;true
SIORM#1;true
SICCH_CLIENTE;false
SIGDI_OLD;true
SICVE;false
SIAFC;false
SIWCC#1;true
CEDESRJ030 - Coordenação Gestão de Pessoas e Recursos;true
SIABE;false
SIICO_SP_OLD;true
SIICO_SP;false
SIICO - TIPOLOGIA DOCUMENTAL#1;true
SICPR#1;true
SIGLO#1;true
SITMO;true
Transição CEDESBR;false
SICRA;false
SIRET;true
SIGLO;false
SIGSI;true
SIGMA#1;true
Coordenação Captar Recursos;false
GPR_OLD;true
SIRUC;false
SIWPS;true
Lixo teste;true
Treinamento_sp1;true
SIINB#1;true
Processo de Mapeamento de Habilidades;false
SISAF_OLD;true
SIRAN_OLD;true
SIATV;false
SITES;true
SIGES#1;true
SITEC;false
SIGJU#1;true
Transição CEDESBR 2012;false
SIICO - FERIADOS RJ;false
SITREINA_CEDESSP;false
Transição CEDESRJ;true
Transição CEDESRJ 2012;false
SICVE#1;true
SICID - RJ;false
SICLI´;true
SIIBC_HOMOLOGAÇÃO;true
SIGDJ_OLD;true
SIPIS_SP_OLD;true
SITREINA_SP;false
SISMB_OLD;true
SIAMT;false
SICSA;false
SIEGH;false
SIALC#1;true
SIMIL#1;true
SIPRE;false
SIFGI;false
SISERRO;true
SIOPF;false
SIFffff;true
SIADJ_OLD;true
SIPVG;true
SICES;false
SIICO - EMPREGADOS;false
SIGMA;true
SIDBN;true
SIREP;false
SIGEP;false
SISFG;false
SITRF;false
SIWFM#1;true
SIPAG;true
SIFAQ;true
SIPEH;true
SIGFI;false
SICJU - Cálculo Judicial#1;true
SIUCP;true
SISTN_OLD;true
SIPAN_OLD;true
SIWFM;false
SICIR - Sistema de Incoerências Contábeis e Apuração de Responsabilidades#1;true
SIPC1;true
SIGIR;true
SIDOU;false
SIARM;true
SIORF#1;true
SIGTE#1;true
SILOG#1;true
SIMGA#1;true
SICHS;true
SIRHM;true
SIICI#1;true
SIAPA#1;true
SIGFIR;true
SIAFR - Atendimento de Feiras#1;true
Gestão de Instâncias;false
SITEL#1;true
SIAFR;false
SICNC;false
SISGT#1;true
SIAGD#1;true
SIAAT;true
SIMGA;false
SISEV;true
SICSA#1;true
SIQDT;true
SISDU#;true
SICTL;true
REDE ACESSO;true
SIGHA;false
SIMOB;false
SISDU;false
SIGSJ_OLD;true
SIGSJ;false
SIGAT_HOMOLOGAÇÃO;false
Central de Incidentes - Brasília;false
SISPL - MPS.BR;true
SIGBC_ant;true
SISIB_OLD;true
SIGAC_OLD;true
Plano Operacional REDEABR;true
SIGAC#1;true
Gestão de Pessoas e Recursos de TI - Brasília;false
SIGNU;false
SIWFS#1;true
Escritório de Projetos - CEDESRJ;true
SIAGT;false
SIINF;false
_SIOPI-rtc2;true
Treinamento RTC;true
SIPLA_OLD_Apagar;true
SIASW - Projeto Governança_RJ;true
Teste;true
SIINE#1;true
SIGAD#1;true
SIGCI;true
SIICO - INDICADORES;false
SIIRC;true
SIDEJ;true
SIAEI;false
SIPLO;false
SICCPTESTE;true
SISFIN;true
Escritório de Projetos CEDESRJ010;true
SIWOC#1;true
SIMST;true
SIOTP#1;true
SIGPC;true
SIGFC;false
SICEL;false
SIARQ;true
SIUCP_old;true
SIJUS_OLD;true
SINCE B;true
MONOMONOMONO;true
TESTEArquiteturaSolucoes;true
SICET;false
SICEL_old;true
SICPJ_OLD;true
SICTD;false
SIDEM_OLD;true
SIGRH;true
SIAPF;false
SIBCN;true
SICCF;false
SIVIC;false
SIDOC;false
SIPRO;false
SISED_old;true
SIGBC_;true
CEDESRJ046 - Segurança e Infra-Estrutura das Aplicações;true
SICLI NÃO PADRÃO;true
SIUNI;false
SIFCF_OLD;true
SUGIL;true
SIGPF;false
SIGTA;false
CEDESRJ043 - Migração CoolGen;true
SIAMT (2415);true
SIPCV_OLD;true
SIPCV;false
SIAHA;true
Coordenação Gestão de Pessoas e Recursos - CEDESRJ030;true
SIISO _Arq;true
SITCS_OLD;true
SIIAI_OLD;true
SIMAG_OLD;true
SIGTR;false
SIPOR_OLD;true
Portal de demandas;true
CEDESBR061;false
_Portal de Demandas;true
CEDESBR_TesteRTC;true
Ação Transição CEDESRJ;true
SIAUD;false
SICAP;false
SIAUD_OLD;true
GT Gestão de Demandas de TI 2012;false
Projeto Piloto;true
SICAS_OLD;true
SIGCB_COBSINCO;false
Coord. Gestão de Pessoas e Recursos - CEDESRJ030;true
SIACC;false
Planos Estratégicos;true
SIGTF_OLD;true
SICEX;false
SIPIE;false
SIPTX;false
SIARP;false
TESTE_SIAPP;true
SICOV_OLD;true
SIFGU_old;true
SIMTC - PMAC_OLD;true
Verificação da Qualidade - CEDESRJ;false
SITREINA_NAT;true
Treinamento_09112012;true
SIMIL;false
SINAU PJ_OLD;true
SIGDU;false
SIPCT_OLD;true
SICEA_OLD;true
SIGOF - GESTÃO OPERACIONAL DE FILIAIS DE TI#1;true
SIMCV;false
SILMC;true
SICEA;false
SIIND;false
SIPAS_SP;false
SIMTC;false
SINAU;false
SIORF;false
SIPAR;false
SIPCI;false
SIMCO#1;true
SIRCL#1;true
SICOS#1;true
SIDAP#1;true
SIBMK;true
SIBMA;true
SIBMT;true
PENDENCIA;true
Area_Projeto_Padrao_HOMOLOGACAO;true
SICOW - Controle de Ocorrências Cadastrais#1;true
SIPCE;true
SITRW;false
SIIAC#1;true
SIREN#1;true
SIPIA;true
SIGMV#1;true
SIWRC;false
SIDRC - Digitalização Dossiês Recuperação Crédito#1;true
SIFAT;true
SIMDA#1;true
SIANS;false
SIPNG;false
SIPGR;true
SIRIG#1;true
SICOS;false
SIBCO;true
SIRCI;false
SINPC;false
SIJUD#1;true
Capacidade Project;true
n1;true
Projeto indicadores;true
SISGT;false
Coordenação Qualidade do Processo Brasília;true
Projeto de Governança do Desenvolvimento - Rational;false
Coordenação de Governança de Dados e Informação;false
SIGLO_OLD;true
SIGJU_OLD;true
SIGFG_ant;true
SIGFC - ARQUIVADO!;true
SISTT;true
Fluxo de Métricas;true
SIGSI_OLD;true
SIGRI_OLD;true
SIGRR#1;true
SIGRR;false
SIGCA;false
SILTE#1;true
SIGDU B;true
SIDRC;false
SIFOB#1;true
SIICI;true
SIALI;false
SIWMC#1;true
SIMTC - PMAC;true
SICIP;false
SIVIR#1;true
SIEBR;false
SIAXS#1;true
SIU68;true
SIU74#1;true
SIPRG#;true
SIMCT#1;true
SIGRC;false
SIIVG;false
SICLG;false
SIMAX#1;true
SIU92#1;true
SIRUN;true
SIGCV - Gerenciador de Convênios de Pagamentos e Recebimentos#1;true
SIMCR#1;true
SIFIT;false
SIEDIT;true
SIGCS#1;true
SIWEB#1;true
SIAEF;false
SILIG#1;true
SIVCA;true
SIICO - INDICADORES#1;true
_SIWFM;true
SIMCN#1;true
SIDON;false
SIWIC#1;true
SIMDI;true
Projeto Governança;true
SIECP;false
_SICRS;true
SIICO Remodelagem de produtos;true
SIUCPold;true
SIAEF - MOCIV;false
SIGPS;true
SIFGS_SP;false
SIFMP_OLD;true
SICRS;false
SINEC;false
SIMEX;false
SIALM;true
SIORM;false
SINAF-WEB;true
SIIFG_OLD;true
SIPNP;true
SINAC;false
SIOSP;false
SIAPF (210);true
SIGMS;false
SIRAN;false
SIMTX;false
SICOB_COBCAIXA_OLD;true
CEPTIBR - Uso Interno;false
SICQL_OLD;true
SICOB_DESCONTO_OLD;true
SICPC;false
SINFS_;true
SINFS_OLD;true
GEART;true
SIATV_OLD;true
GESOL - Arquitetura (Lab);true
SIABM_OLD;true
SICTR;false
arquivar;true
SIISO_OLD;true
SIFCR;true
SIGDU_old;true
SIDDA_OLD;true
SIGCB;false
SIAUD (3388);true
SIDTF;false
SIEDT_old;true
SIICO (07;true
SIICO (4081);true
SIGRS;true
SIICO (3011);true
SIGCB_COBSINCO_OLD;true
SIICP;false
SIALUNO;true
SINCE_OLD;true
SIGCB_COBRANÇACAIXA_CRIADOERRO;true
SIPAR_OLD;true
SIDUN;false
SICAQ;false
SIPTS_OLD;true
SIGCB_ECobranca_OLD;true
SIWIC;false
SIRCO_OLD;true
SIGEL#1;true
SIDEO;false
SICSF;true
SISFG_OLD;true
SIITG;false
SISMP;false
SITRF_OLD;true
SISAD;false
SISND;false
SIITG ruim;true
SIGFG;true
SISEM_OLD;true
SIWPC#1;true
SIFPM;false
SIAPS;false
SICER;true
SIWPC;false
SIGRO#1;true
SITRC_OLD;true
SICCL;false
SIALI#1;true
SIMAX;false
SITLO_OLD;true
SIIGV#1;true
SIEXC;false
SIVBA_OLD;true
SIBDM;true
SITAH PMCMV;false
SICDM;false
SIAFH;false
SIDHP – Caixa de Idéias;true
SICDM_old;true
SIU01#1;true
SINEB#1;true
SICOD;false
SIAPI - PILOTO ALM;true
PA Novo Sítio CAIXA;false
SIDMO_Homologação;true
LPA PMR (Change Management);false
Piloto_ALM_BR;true
SIDTI;true
SITREINA_RIO_DE_JANEIRO;true
SIBCO#1;true
SIICC#1;true
SICUJ#1;true
SIEST;false
SICPP;false
SIHEX;false
Area de multiplicação;true
SIRCI#1;true
eee;true
SITIP;false
Implantação Brasilia;false
PA Recuperação do Atendimento BCB;false
Treinamento_Pilotos (Gerenciamento de Mudanças);true
SIDHP – Portal;true
Serviços Especializados;false
Treinamento_IBM_HMP (Gerenciamento de Mudanças);true
MIGRA2;true
SIPLE;false
SISPONTO_ALM;true
SINRP;false
CEDESBR_ARQUIVADA;true
SICPE#1;true
SICBC#1;true
SIGEB;true
SIJUD;false
SICIG#1;true
Prepara fluxo novo;true
SIING - Sorteio de Ingressos#1;true
Coordenação de Habitação - CEDESBR550;false
SIGCA#1;true
SIDHP – Controle de Incentivos;true
SIEST#1;true
SILMC#1;true
SIEPE;true
SIETI#1;true
SIRAC - Gerenciador Informações Arrecadação e Cobrança#1;true
SICAN;false
SINOB#1;true
SINOB;true
PA SIAPI;false
SIDHP#1;true
SIDAP;false
SIAOI_Projetos;true
SIEGC#1;true
Teste Acesso WI - CEDESRJ061;true
SINEW#1;true
SIDHP – DESCENTRALIZAÇÃO DO CADASTRO DO CURRÍCULO FORMAL;true
SIREA;false
SIPII#1;true
CEDESBR;true
SIPII;false
PA ORC-PAG;false
SIGCT - SIGCP_Rel;true
SIPPR;true
Coord_Gestao_Contratos_Servicos_Terceiros_SP_ARQUIVADA;true
CEDESRJ Processos de SW;true
RDt_RDz;false
Ambiente, Arquitetura Tecnológica e Reuso (CEDESBR);false
SIPGT;false
Reestruturação CNDESRJ_ARQUIVADA;true
SIAPP - RTC3.0_ARQUIVADA;true
SIGBK;false
CEDESSP640 - Painel de Demandas;false
CEDESSP250;true
Piloto_Métrica_Autônoma;false
SITEC_HOMOLOGAÇÃO;false
CEDESRJ007_GCM;true
SI002#1;true
SIMBR;false
CEDESBR - Solicitação de Suporte;true
SICFF#1;true
SITAL#2;true
CEDESSP050 - Coordenação da Qualidade do Processo;false
SIMPC#1;true
SIMFI;false
SIXLI;true
CEDESRJ065_Ambientação RTC;true
Area Padrao Piloto VICOR;true
SIREF;false
CEDESRJ040old;true
BRQ Inativo;true
#SIICO_old;true
Projetos Financeiro e Controladoria - SP;false
Area_Projeto_Padrao;true
SIPDC;false
CEDESRJ_SIGEC;true
PA CAPTAR - SIDEC;false
DEFUS - DE Fundos de Governo;false
CEDESRJ040;false
SIAAC;true
CEDESRJ009 - Comitê de Inovação e Reuso;true
SI003;true
Teste_Padrao;true
GITECGO05;false
SI004;true
SIGPO;true
SIGST_old;true
Projetos Cobrança - SP;false
SIGEP_old;true
SITRJ_OLD;true
SIGRE#1;true
SIGOV_GOVCONTA_OLD;true
CEDESRJ005_;true
Equipes Qualidade - SP;false
SIOMS_OLD;true
SIPTS;true
SIINC_OLD;true
MIGRA3;true
Inovação CEDESRJ;true
SIBCX;false
Movimentação de Papeis - CEDESBR;true
SIBMC;true
CEDESBR - Centro de Competência de Arquitetura e Suporte Tecnológico;true
SIDMO_OLD;true
SICAE;true
MIGRA_PADRAO;true
MIGRA4;true
SIIBC;false
SIJUS;false
SIACL_OLD;true
Administração de Dados e Informações - CEDESSP;false
GEARJ;false
DATACENTER - Registro de Ocorrências Migração SP;true
APP_Homologação;false
SI001;true
SIAGC_OLD;true
CEDESRJ1000;true
SIAGC;false
SICQL_HOMOLOGAÇÃO;true
SISGC#1;true
SISGC - Area para arquivar;true
SINIC;false
SIU07;true
Area errada 2;true
Area Erro;true
GEASP05;false
SIRBA;false
SIU55#1;true
Gestão FSW;true
SIRCT#1;true
SIRCT;true
Serviços Especializados Treinamento;false
SIRCW;false
Governança de Infraestrutura CLM;false
SICCR;false
TQS_SP - Acompanhamento de implantação;false
Ações Coordenadas Loterias;true
teste11;true
CEDESRJ070 - Dados e Informações;false
SICRF;false
SIDURWEB;true
SIFPM_OLD;true
SIMCF;false
Coordenação de Capacidade Produtiva - Logística - SP;false
SIGCB_PROTESTO;true
SIFER;true
CETEC;false
SIFGE;false
Area para arquivar;true
SICXC_OLD;true
Teste16052014;true
Mobile Pre-Pago - CEDESSP;false
SIDURWEB - arquivar;true
SICXC;false
SIACH;false
Planejamento Estratégico - VIHAB;false
SIGSQ_arquivar;true
SIGCH;false
SISAG - Central de Incidentes;true
SIAMC;false
SICFG#1;true
SIVQP_TREINAMENTO;true
SITCE#1;true
SIAAT#1;true
Area_Padrão_Piloto_VICOR_ITSM;false
SICFS#1;true
SIISC;true
SIANS#1;true
SIACG#1;true
SICBC;false
SIEPA#1;true
Projeto P4M - CEDESSP;true
Serviços_CEDESBR;true
SIFLX;false
SIAGA_OLD;true
SIWCI;true
Area criada com erro;true
EPROJ - RJ;true
SIMCB_OLD;true
SIMCB;false
Coordenação de Capacidade Produtiva - Contratos - SP;false
Especificação de Canais - SP;false
CEDESSP410 - Painel de Demandas;false
Projeto VITEC - VIVAR - CEDESSP;true
DESAN - DE Saneamento e Infraestrutura;false
SIGSA;false
SICMA#1;true
SIU92;true
PA CRM;true
CEDESSP590 - Painel de Demandas;false
CEDESSP660 - Painel de Demandas;false
CEDESRJ_Avaliação de Modelos;true
SIBEC_NULA;true
SIGTD;false
SIEIM;true
SIB2B;false
SICCX_ARQUIVADA;true
SIDEC#1;true
SIART;false
SIMOB_OLD;true
SISIB;false
SIMDJ#1;true
SIETI;false
SIU05;true
SIMPU;false
SIPSA#1;true
SIPSA;true
SIU22#1;true
CEDESRJ005#;true
Coordenação de Certificação de Projeto e Implantação - SP_ARQUIVADA;true
SICDM_NULA;true
SIGRI#;true
sisteste;true
SIANT;false
SIAMF_APAGV;false
SIITL;false
SITCH;false
Squad Loterias;false
SIRIN;false
SIFWC#1;true
SIGAC;false
SIJUR WEB#1;true
SIPAT;false
SIOUV#1;true
SIADE#1;true
SIPEX;true
SIADE;false
SIMPC;true
SIAFW#1;true
SIPID;false
SICOB_SICARTORIO_OLD;true
SIDDA;false
SIGCB_BLOQUETO EXPRESSO_OLD;true
SIGCB_ECobranca;false
SIPTX_OLD;true
SICEX_OLD;true
SITAX_OLD;true
SIMEX_OLD;true
SIWEG_NULA;true
CEDESBR050_ARQUIVADA;true
SID02_ARQUIVADA;true
SICPC_NULA;true
SINAJ;true
Treinamento_SP;true
SIPEV;true
SIPMC;false
SIRPI;false
SIFCG_old;true
SIWPS_OLD;true
SID52#1;true
SISCC;false
SIFAP_old;true
SICNL;false
SIGCV;false
SIMDI#1;true
SISMC#1;true
SIWMC;false
SIMPU#1;true
SIASR;false
SIASL;false
SIRST#1;true
SIRAC;true
SICEM;false
SIRST;false
SIVIR;false
SILOG;false
SIRVA;false
SID07_ARQUIVADA;true
SIORA_NULA;true
SIWAD_NULA;true
SIDEM WEB_ARQUIVADA;true
SIBIO;false
SIACJ#1;true
SISVC;false
SIMPM;false
SISIC;false
SICQM;false
TESTE4;true
SICFA_old;true
SICID - RJ_old;true
SIGGS_OLD;true
SIGGS;false
SICLI_old;true
SICRD;false
SITIF_OLD;true
SITAG_OLD;true
SIDEM_AV GESTAO_ARQUIVADA;true
SIAEC#;true
SID09_ARQUIVADA;true
SIFDS_old;true
SIICO - LOCALIDADES RJ_OLD;true
teste RM 4;true
SIREA#1;true
SIPGA;false
SISFF#1;true
SIBTE#1;true
SIBMB;true
SITUDO;false
SIA12#;true
SIUPP#1;true
teste RM 6;true
teste RM 7;true
SIEPS#1;true
COORDENAÇÃO - INFORMAÇÕES ESTRATÉGICAS;false
SIGPT#;true
SID06;false
Qualificação de Dados#1;true
SIRFG;false
SID05_ARQUIVADA;true
SIDRJ_NULA;true
SIAPG_NULA;true
SIFSA_NULA;true
s01;true
SIEPA#4;true
SIIGP;false
CEDESRJ041 (Teste) e CEDESRJ042 (GCM);false
SIVCB;false
Teste Area11;true
SIMFI_2;true
SITRC.OLD_ARQUIVADA;true
SICSJ_OLD;true
SIAMT_old;true
SICRF_old;true
SIOPF_OLD;true
SIEXT_old;true
SIAPG;false
SIWEG_OLD;true
SIGEL;false
SIWLO#1;true
SIPEV#1;true
SIACI_GCE#1;true
SICEF#1;true
SID53#1;true
SICMU_old;true
SIDJV_NULA;true
SIUMP_NULA;true
SICTF#;true
SIMPL;false
CEDESSP240 - Painel de Demandas;false
CEDESSP580 - Painel de Demandas;false
Area_Master_V3;true
Portal da Qualidade;false
SIGHP;true
PEFUG;false
SIDFG_errado;true
SIDFG;false
SIBRJ_new;true
SIAGS_;true
SITRS#;true
CETEC20;true
SIS502;true
SIMAI#1;true
SIMAI;false
SIEPA;false
Area_Master_V3#1;true
SIBAT;false
SILUX;true
SILUX02;true
SIBAM;false
Teste de recurso_ARQUIVADA;true
SIAME FGTS Ágil (Change Management);false
SIREM#1;true
SIBIN#;true
Qualificação de Dados;true
SIDPT;true
GEALO;false
SISIT;false
SIARG;false
CEDESBR210 - Coordenação de Produto: Administração;false
TESTE_AtualizaçãoXML01_ARQUIVADA;true
SIFCV;false
SIPIS;false
SIICO - UNIDADES RJ_OLD;true
SIICO - FERIADOS RJ_OLD;true
CEFLDAP_OLD;true
CEFLDAP;true
SIROTCON_OLD;true
SIADC_OLD;true
SIADJ;false
SIADT_OLD;true
SIFUG;false
SINCE;false
SIPCT;false
SIDES#;true
SIDRJ_old;true
SIGTX_old;true
SIAPF_old;true
SIGAF_old;true
SIOGU_old;true
SISCP_old;true
SIICE;false
PROJETOS QUALIDADE - SP;true
SIIPO;false
SICRV;false
SIALG;false
SIDESSS#;true
SIAVP;false
SIBRJ;false
SIFAG;false
SIRLA;true
Area_Master_V3_Sem_Obrigatoriedade_20160301;true
SISHO;true
SIEFI;false
SIXXX (Termo_Liberacao);true
SIOGP2;true
SIEFG;false
SIACD;true
TESTE_SIAPP_1;true
SISDE_old;true
SISSG_OLD;true
SICNX;false
SICDJ;false
SIQCC_old;true
SIRJU;true
SISRC#1;true
SIPGP#1;true
SIMCP#1;true
SIGIM;false
SIGFO;false
SIEPC#1;true
SIU55;true
SIU62#1;true
SIAAR;true
SIU68#1;true
SIFTX;false
SICLG#1;true
SIICO - SISTEMAS RJ_NULA;true
SIVPFWEB_ARQUIVADA;true
SIORA;false
SIGMT;true
Planejamento Estratégico - VIVAR;false
Processo de Testes e Ambientes - Brasília;true
SIPRI;true
SIGAN;true
SIBAN;false
SICOL;true
SIGAL;false
SIPID#1;true
SIRCO;true
SIICX_OLD;true
SITRR;false
SIFGM;false
SIPJE;false
SITIV;true
SIPEF_NULA;true
SIACC_CAIXA PROGRAMADO;false
SIEMD_OLD;true
SIFSA;false
SIPLD#1;true
SIATC;false
SIATD;false
SIBNC#1;true
SISOL#1;true
SIERC#1;true
SICUT;true
SIICO - UNIDADES BR;false
SIMOV#1;true
SIPEX#1;true
SIAGP;false
SISMH2;true
SICSJ;true
SIPDH;false
SICOD#1;true
SICUJ;false
SINGE#1;true
SIASR#1;true
SIAAS - Autorização e Autenticação de Usuários#1;true
SIA12#1;true
SIAAS;false
SIAFP;true
SIA13;true
SIADI;false
SIINV;false
SIDOU#1;true
SIECE;false
SIAUD_NULA;true
SIEDT_NULA;true
SIIDF_NULA;true
SISEM_NULA;true
SIICO - BANCO AGENCIA;false
SID04;false
SIDMF#1;true
SILRC;true
SILOT;true
Integração e Projetos de Migração de TI;false
SIFGP;false
SIPSI;false
SISMH;false
SIAMF_SP;false
CEDESRJ065 - Governança;true
SICDS;false
SIRBF;true
SIRMO;false
SIAME_APHAB;false
SIGOB1;true
SIOBR;false
SIBLC;false
COORDENAÇÃO - TERCEIRIZAÇÃO INTEGRAL;false
SIMCD;false
SIPAM;false
SIPEL;false
SIREM - Arquivada;true
SICVS_NULA;true
SISDE_NULA;true
SISRP_NULA;true
SIWAD;true
SIGTF;false
SISND_OLD;true
SIDMF;false
SIFOR;false
SIART#1;true
SIQCC;false
SIPCS#1;true
SIUPL#1;true
SIEVJ;false
SIGCS;false
SIHEX#1;true
SIAPA;false
SIAMC#1;true
SIQPE#1;true
SICFG;false
SICPW#1;true
SIDED#1;true
SICJU;false
SICOW;false
SIEPE#1;true
SIEOC#1;true
SIDCA#1;true
SIDCA;false
SIGCC#1;true
SIDDH - Digitalização de Dossiês de Habitação#1;true
SIGPT#1;true
SIDDH;false
SINIC#1;true
SIGMV;true
SINPC#1;true
SIELT#1;true
SIGOF;false
SIING;false
SID06_ARQUIVADA;true
SICOB_COB2VIAS_ARQUIVADA;true
SIICO - LOCALIDADES_NULA;true
SIREP_NULA;true
SID09;false
SID05;false
SIRIG#2;true
SIBBR;false
Area de Operações;false
SIDOW - Inativo;true
SIBMC_HOMOLOGAÇÃO_ARQUIVADA;true
COORDENAÇÃO CRÉDITO: SIEMP SIPEN;false
SIUPL - Descontinuado;true
SISUT;false
SUSTENTAÇÃO SIAPI - SIAPX - SICDC - SIGIN;false
teste23;true
SIBIC_OLD;true
SIBIC;true
SIMPP;false
SIBLO;false
Area_Master_V4-teste;true
SIDAS_old;true
SIINE;true
SIGDU_NULA;true
SIIOF_NULA;true
SIAFH_NULA;true
SIPOR_NULA;true
SISOC;false
SIPRO_OLD;true
SIAUP;false
SID00;false
SIPAE;false
SID54;true
SISPL#1;true
SICPC_old;true
SIGAD;true
SIDBM#1;true
SIDEJ#1;true
SICAP_CAPCAIXA_OLD;true
SIATR_OLD;true
SIATR;false
SIAUT_OLD;true
SICPA_OLD;true
SIGIN_OLD;true
SIIOF;false
SIGRS_old;true
SIGIS;true
SIDGO#1;true
SICEC#1;true
SIPGP;false
SICMV#1;true
SIIPS - Inteligência em Programas Sociais#1;true
SIRPC;true
SIIPS;true
SIMPF#1;true
SIMPF;false
SIPNG - Gestão de Atendimento#1;true
SIXLI#;true
xfgxdf;true
SICPF_NULA;true
SICRH_NULA;true
SIFGU_NULA;true
SIGTC_NULA;true
SIRPI_NULA;true
SIJOB01;true
SIPLS;false
SIMCT;false
SICPM#1;true
SIREN;false
SIGUS#1;true
SIPCP;false
SIFFP;false
CEDESSP330 - Painel de Demandas;false
Métricas_SP_ARQUIVADA;true
SIMCN;false
SIDAS;false
SIMCR;false
SICBA#1;true
SICBA;false
SIFBN;false
SITCS;false
SILAP;false
SISET;false
siteste2;true
SIGCB_BLOQUETO EXPRESSO;false
TESTE_SIAPP_2;true
SIRUR;false
teste area2;true
SIRAA#1;true
SISGR_NULA;true
SICSF_NULA;true
SIDTE_NULA;true
SIPCT_NULA;true
SIICO - PV CEP RJ;false
SINAJ_OLD;true
SIFDS;true
SID03#_ERRO;true
SINBC_OLD;true
SIROTCON;false
SIWIN_OLD;true
SIADT;false
SICCH_PV_OLD;true
SICET_OLD;true
SICRA_OLD;true
SIGIN;false
SIRPC#1;true
SIQPE;false
SICMV;false
SIDCE#1;true
SIVUC;true
SIMOS;false
SIMDA;false
SITAB#1;true
SIACG;false
SIPNL#1;true
SIGMO;false
SIPNL;false
SIALC;false
SIU07#1;true
SIDCE;false
SIRED;false
SIU74;true
SIGUS;false
SIGEA#1;true
SIGRN#1;true
SITAL#1;true
SITIP#1;true
SIWRC#1;true
SIDIF;true
COORDENAÇÃO - CAPTAR RECURSOS;false
#SICMC;true
SITRP_NULA;true
SIEGH_NULA;true
Reestruturação CNDESBR_ARQUIVADA;true
SIASO#1;true
SICEC;false
SIARH#;true
SIABM;false
SIPGE;false
SIFAG I;true
SIARA#1;true
SIAEF - MOCIV#1;true
SICRE;false
SIARQ_OLD;true
SICNS_old;true
SICNS;false
SITMA;false
SIEVE;false
SICGR#1;true
SICIR;false
SIIGV;true
SIU04#1;true
SIU02#1;true
SIPVB#1;true
SIAVF;true
SIBCA;true
BRQ_TESTES;true
SIRIM#1;true
SIMIC;false
SIOGU_NULA;true
SICID - RJ_NULA;true
SIPCI_NULA;true
SIAEC_#1;true
SIGIP#1;true
SISPB MONTED#1;true
SIGTC#1;true
SICTB;false
SICOF;false
SIGTC;false
SIMCX;false
SIBMB#1;true
SIU44;true
SISPC#1;true
SISPC;true
SIU61#1;true
SIA07#1;true
SIA07;false
SICEP#1;true
SIBMN;true
SIMCX#1;true
SIGIE#1;true
SIPEM#1;true
SIBCD#1;true
SIBTE;true
SIPMP#1;true
SID08_ARQUIVADA;true
SINFS_NULA;true
SISFG_NULA;true
SIPAN;false
SITEF;false
SILTC_OLD;true
SILTC;false
SICOB_OLD;true
#SIXLI_erro;true
SIAOG#1;true
SIA13#1;true
CEDESSP 2012 - ProjFilho_ARQUIVADA;true
SINCO_ARQUIVADA;true
SIRCL;false
SIDTE_descontinuado SIAPP;true
CEDESBR020 - Coord. Gestão de Contratos;false
arquivadaxxxx;true
Barramento, B2B e SOA - Suporte;false
SIANC;false
SIADD;false
Big Data CAIXA;false
SIENG#1;true
Originação em Canais Digitais;false
SINAFWEB;false
Area_Padrao_Coordenacao_Novo_Modelo;false
Plano Cruzado - Brasília;true
SIAPF_NULA;true
SIASA_NULA;true
SIGRS_NULA;true
SITRF_NULA;true
SIGCP old_ARQUIVADA;true
SICCV;false
SIBIC#1;true
SISFIN - BR#1;true
SISOC#1;true
SISPB#1;true
SIVIC_OLD;true
SIGTA_OLD;true
SIRFE_OLD;true
SICPR;false
SIRUC_OLD;true
SIAOS#1;true
SIAOS;false
SIAPP#1;true
SISRS#1;true
SIAGR;false
SIDAT_old;true
SIPC1_OLD;true
SIPEF_OLD;true
SIFSA_old;true
SIGBC_old;true
SIGBC;false
SIGST;false
SIASO;false
SIBCC;false
SICFS;false
SICPM;false
SIACT;false
SIINA#1;true
SIMDP_old;true
SIPAS-RJ_old;true
SIATM;false
SISDOW#1;true
SITAH Convênios#1;true
SIRPI_OLD;true
SISTZ#;true
SINOT;false
SIGIS_OLD;true
SIPAC_old;true
SISCP;false
SIURB;false
SIAPM;false
SIPAB_old;true
SIMDP;false
SIPOR;true
SIMAO;false
SIRAA;false
SISJEDI;true
SIMTR;false
SIIGA;false
BRQ_RIO_TESTE_(CCM);true
SISME;false
SIAOP;false
SIBIT#1;true
SICMA#2;true
SIAPI#1;true
SIACT#1;true
Área de Relacionamento com o Cliente_ARQUIVADA;true
SIFSW_NULA;true
SIGFC_NULA;true
SITWB_OLD;true
SIEMD;false
SIPAE_OLD;true
SIGMC_OLD;true
SICTB#1;true
SIAFC#1;true
SIALM#1;true
SIGFI#1;true
SITDF_OLD;true
SIDOC_OLD;true
SICCP_OLD;true
SIPER_OLD;true
SITEC_OLD;true
s02;true
SICPU;false
SIADG;true
SIGBD;false
SIGRI;true
SIGTD#;true
SIGRC#1.1;true
SIRAN_RN3;false
SID01;false
SID02;false
SID03;false
SID08;false
GEINC;true
SID55#;true
SITRS;false
SIGCR#1;true
SIGEC;false
SIFES;false
SIPAR_NULA;true
SIRCA_NULA;true
SIQCC_NULA;true
GESET;true
SICTR_NULA;true
SISCP_NULA;true
SISND_NULA;true
SISNP_NULA;true
SIDJV_old;true
SIBMC_OLD;true
SIFIX#1;true
SIWFA;false
SITAH Convênios;false
_SIICO_ARQUIVADA;true
SICOF#1;true
SICRS#1;true
SIAEF#1;true
SIPLO#1;true
SITWB;false
SISRH#1;true
SISRH;false
SISOL;false
SISPA;false
SIMAA;false
SIMCV_OLD;true
PEDEPSP;false
SITAH PMCMV#1;true
SICCH_PV;false
SICPJ;false
SIGDA;false
SIRMA_OLD;true
SIIMP;true
SIMPG;false
SICPX#1;true
Area_Padrao_Fabrica_Novo_Modelo;true
SIFCG_NULA;true
SIINT;false
SIPSC#1;true
SIPTI;false
SIRCA#1;true
SIRCA;false
SIPES;false
Reestruturação CNDESSP_ARQUIVADA;true
teste_arquivar_ARQUIVADA;true
SICOA;true
SIFFP#;true
SIECD#1;true
HOMOLOGAÇÃO PROGRAMA FOMENTO;false
SIUSR;false
CEDESSP340 - Painel de Demandas;false
Area_Master_v3_Advisor#1;true
SIWLC;true
SIACJ;true
SIBIS;false
SISEN_ARQUIVADA;true
SIPAS - RJ_NULA;true
SIOCR (erro);true
SIMCF_erro;true
SIRBI_OLD;true
SIPON;false
SISGD#1;true
SIATE#1;true
SIBNC;true
SICAT#1;true
SIWFS;false
SIJUR WEB;false
SIMAC;false
SIAFW;true
SIGCT;false
SIPLD;false
SISRP_OLD;true
SITEM#1;true
SICED#1;true
SITES_1;true
SIDIN#1;true
SICAJ;false
SIGIB_ARQUIVADA_2017;true
SIMPH;false
SIGPM;false
SIPES#1;true
SIARA;false
SIEMP#1;true
SIINA;false
Treinamento Gestao de Demandas TI - SP_ARQUIVADA;true
SISED_NULA;true
SIARQ_NULA;true
SINEC#1;true
SIOSP#1;true
SINAF#1;true
SIREG;true
SISPB;false
SIB24;false
SIGAP;false
SIFBN_OLD;true
SICAC_OLD;true
SIDFP;true
SIIOF_OLD;true
CEDESSP620 - Painel de Demandas;false
SIPPP#1;true
SICUC;false
SIDIM;false
SICDG;false
ECCOX-SP;true
SIGDE;true
CEDESSP040 - Painel de Demandas;false
SINCH #;true
SIGHB;false
SIJAD;false
FÁBRICA - CTMONSI;true
SISSG_NULA;true
SIGHA_NULA;true
SIIBS_NULA;true
SICEL_NULA;true
SIFAP_NULA;true
SIFGE_NULA;true
SISST#1;true
ERRADO;true
TREINAMENTO;true
SIGEC#1;true
SISEG;false
SITRJ;true
SILDC;false
SIOUV;false
CEDESSP - Infraestrutura;false
teste11000;true
SIADP;false
SIRVD;false
SIPCA;false
SIRPL;false
SIAMI - old_ARQUIVADA;true
SIARC#1;true
SIGED;false
SIASE;false
SIGDP;false
SIATX;false
SISR2_OLD;true
SIASE#1;true
SIATD#1;true
SISMN#1;true
SIICO - PRODUTOS#1;true
SIICO - UNIDADES BR#1;true
SIGTI;false
SEGES_ARQUIVADA;true
CEDESSP630 - Painel de Demandas;false
SIABF;false
SIEXC_HOMOLOGAÇÃO;true
Operacoes teste;true
SIOFG I;true
COORDENAÇÃO - GESTÃO DE MUDANÇA ORGANIZACIONAL;false
SIAVL;false
teste_Inovar;true
SIAUF;false
SICFA_NULA;true
SICSI_NULA;true
SIPAC;false
SICSF_old;true
SIURB_old;true
SIAPM_OLD;true
SIVCO;true
SIVCO#1;true
Gestão de Contratos e Auditoria - CEDESSP;false
SIPOL;false
SIGIC-old;true
SIGIC;false
COORDENAÇÃO DE ORQUESTRAÇÃO DE PROCESSOS;false
SIVCP;true
SIHAB;false
SIGFH;true
SIWLO;false
SISPL;false
SIMOV;false
SIIMP#;true
SICEF;false
SIPMC#1;true
SID53;false
SIAFH_old;true
SIPTS_NULA;true
SIUCP_NULA;true
teste_novo_processo_ARQUIVADA;true
Projeto Alta Disponibilidade - CEDESSP_ARQUIVADA;true
SIICE_NULA;true
SIGEO#;true
SIATN;true
BRQ_Hibrida;true
SICFT;false
#SIGSC - Gerenciamento de Requisitos;true
SIU14;true
SIIGD;true
SIMOL;false
#SIRMN_OLD;true
SIGOB;false
SIGPN;false
SIRTA;false
SISFF#2;true
Area_Projeto_Padrao_Novo_Modelo_Sem_Obrigat;true
SICNS_NULA;true
SIFUG_NULA;true
SIASW_ERRO;true
SICNL_NULA;true
SIS061xxx;true
SICCO#1;true
CEDESSP610 - Painel de Demandas;false
SIMOV#1.1;true
SICOM;false
SIGMC;false
SIRIE;true
SIACS_ARQUIVADA;true
SIBCX_OLD;true
SIDEM;false
SICPA;true
SICFA;true
SICCW_OLD;true
SICCW;false
SIADC;false
SIBAR_OLD;true
SIBAR;false
SICTD_OLD;true
SIGDA_OLD;true
SIGPF_OLD;true
SIDFP#1;true
SIEVT#1;true
SIEVT;false
SILOC;false
SIU04;true
SISCM#1;true
SIFTX#1;true
SIPC1_NULA;true
SIPRE_NULA;true
SIFAG_NULA;true
SUGIL_OLD;true
SICTR_old;true
SIIFE_OLD;true
SIMCA;false
SIGEA;true
SIMLT#1;true
SIIMA#1;true
PA Financeiro e Controladoria BCB#1;true
SIRMA;false
SIPOC#1;true
SISNG;false
PEDES - CURITIBA;true
SIMSC;false
SIBND#2;true
SIJCL_Old;true
SIPFI;false
teste_rj061;true
SIOPI#1;true
SIACI_GCE;false
SIAOI;false
SID52;false
SITAH#1;true
Arquiteturas de TI;false
SIMDJ;true
SIRED#1;true
SIBCD;true
SICPP#1;true
SIGSA#1;true
SIBCA#1;true
SIBIB;true
SIPTC;true
SIPMP;true
SIRCW#1;true
teste RM 2;true
ECPTI;true
SIIMP#1.1;true
SID07;false
SIGBO;false
Gestão de Contratos;true
SIEPR;false
Area_Master#2;true
SISTA;false
SIIFG;false
SIAPS_NULA;true
SICRF_NULA;true
SIDESS#;true
SIDJV;true
teste RM 3;true
SICRH_old;true
SIGHA_old;true
SIGPI;false
SIPRA#2;true
SIWFC;true
SIRDI;false
SISAN;false
BRQ_Hibrida_RJ;true
Plataforma Ágil e UX;false
SINOV;false
SIAMF_APSFD;false
Treinamento CLM Ágil;true
TESTE TLD V4;true
SINEP;false
Fábrica de Métricas;false
SICCD - Contratação de Cartão Digital;false
SIADG#1;true
SIGTF_NULA;true
Projeto Modelo_ARQUIVADA;true
Area_RTC_ITSM;false
COORDENAÇÃO - CARTÕES;false
SILCR;false
SIPPM;false
SIFAM;false
CEDESBR050 - Coordenação Certificação de Produto, Implantação e Testes;false
SIOGP_ERRO;true
SIOGP;false
SIARG#1;true
SIFAS#1;true
SIGBF;false
PTDES_SP;true
GITECBH;false
SIGNP;true
Transição CEDESSP 2012_ARQUIVADA;true
SIICO - BANCO AGÊNCIA SP_ARQUIVADA;true
teste1;true
SIMCM#1;true
CEDESSP380 - Painel de Demandas;false
Area_Master#1;true
SIREL;false
SIJCL;true
SIAIC;false
SIAGIL (hibrida);false
Area_Master_V4_082018;true
SIHDG;false
SIALF;false
SIAIA;false
SIMKT;false
SICRB_NULA;true
SIFDL;false
Projetos Suporte Premium IBM;false
SICIC#1;true
SICIC;false
SILGT;false
SIOFG#;true
SIECD;false
CEDESSP330;true
CEDESSP650 - Painel de Demandas;false
Area_Projeto_Padrao_Novo_Modelo_sem_OBRIGATORIEDADE;true
COORDENAÇÃO CRÉDITO: SIAPX;false
SIMLO;false
SIITA;false
GEASP;false
SICIA;false
SICAO;false
SIARJ;false
Area Sistema 2;true
DATACENTER: registro de ocorrências migração RJ;true
SISAP;false
SIFGI_NULA;true
SIAMT_NULA;true
SICFM_NULA;true
SIGTX_NULA;true
SIRFG#;true
SILCE;false
SILTE;true
SIDON#1;true
SIFDL#1;true
SIFOR#1;true
SIACA;false
SISFIN_SP;false
SIICD;false
SIMMA;false
SIAIJ;true
SIBTL;true
SIDAS #;true
CEDESSP592 - Painel de Demandas;false
Voto VICOR - Painel de Atendimento_OLD;true
SIPRG#1;true
SIGAF_NULA;true
SIAUF_NULA;true
SIGFG_NULA;true
Teste de Auditoria CEDESRJ_ARQUIVADA;true
Controle de Ocorrências Tecnológicas - SP_ARQUIVADA;true
SIGEO;true
SILOT#;true
SIRMN;true
Area_Sistema;true
SILJI;false
SIMJT;false
SISBE;false
SIWEB;false
SIWFA#1;true
COORDENAÇÃO SISTEMAS SP_RJ;false
SIBRJ_old;true
SIMJE;false
SIGOA;true
teste qualidade;true
SIPET1;false
SIGOT;false
SICEN#2;true
SIGPE#2;true
teste RM 5;true
COORDENAÇÃO - ARQUITETURA E SUPORTE TECNOLÓGICO;false
CEDESSP550 - Painel de Demandas;false
SIEPA#3;true
SIRDI_OLD;true
SISEE;true
SICIF;false
SIIES;false
Metodologias e Padrões de Desenv. Sistemas;false
SIMCF_OLD;true
SIMEI_OLD;true
SITEM;false
SIVEP;false
SIPEF;false
SIASO#;true
SIALE#1;true
SIICO - CANAIS DE DISTRIBUIÇÃO;false
SILCO;false
SIREL#Arqv;true
SIIAV;true
SINCE_NULA;true
SIICP_NULA;true
SIMCR_NULA;true
SINOT_NULA;true
SIBAR_SOASP_ARQUIVADA;true
SIS061teste;true
SIREQ;true
#SIFAG_descontinuado SIAPP;true
SIICO - CORRESPONDENTES;false
GEASP07;false
SIMCI;true
Gestão de Demandas de TI;false
SIBCE;true
SIXXXBOT;true
SIGCD;false
SIPFU#1;true
SIGTV;false
SIGLE_ARQUIVADA;true
SIOPF_NULA;true
Piloto Processo de Testes e Ambientes - RJ;true
SIAVE#2;true
SICCO#2;true
SIPGE#1;true
SIU93;true
Suporte ETL - PowerCenter - CEDESSP;false
SINTI;true
SQUAD Loterias;false
SIGJD;true
Teste Área Master Híbrida V3;true
Portal de Melhores Práticas;false
SIOCC;false
SIPRG;false
SISGC;false
BRQ - SP;true
SIFCF_NULA;true
SIGBC_NULA;true
SICOC_ARQUIVADA;true
SIVEP#1;true
COORDENAÇÃO CRM, BI e QUALIFICAÇÃO;false
SIMCP#2;true
SISST#2;true
SIB2B - SITE RJ;false
SISPF;false
Quality_BRQ;true
PEDEP (Negócio);false
teste cedesrj061;true
SIFIC_ARQUIVADA;true
SIARE;true
SIBOT;false
GT Serviços Bancários e Tarifas Arquivar;true
SIAEP;false
Máster (Negócio);false
Transversal de Testes;true
SIRMO_ÁGIL;true
Voto VICOR - Painel de Atendimento;false
SICOX;false
SIURB_NULA;true
SIVAE#2;true
SIRFH;true
SIRTE;true
SICIV – Sistema de controle de investimentos;false
COMUNICAÇÃO;true
SIFPP;false
SIPFC;false
SID49;false
Ambiente, Arquitetura Tecnológica e Reuso - CEDESSP;false
SICPX;false
SIPOP;false
#SIPEL;true
Teste Area_Master_V5;true
SIGPL;false
SIAPM_NULA;true
SICDJ_NULA;true
SITAE;false
SIGTI#1;true
SIERE;false
SITAX;false
SIECP_OLD;true
SIINC;false
SIMOC;false
TESTE3;true
TESTE1;true
SIBIN;false
SIGDF;false
Area_Master_V3_sem_Obrigatoriedade_Nov_2015;true
SILAB;false
SIENC;false
SINAI;false
SIAGE#1;true
SIAGR#1;true
SIIFE;false
SIMCA_OLD;true
SIGDI;true
SIAGA;true
SISED;false
SIPAS - RJ;false
SIWAD_old;true
SICNX_old;true
SICEN#1;true
SIPCC;false
SIBAG;true
teste de novo;true
SIIMA;false
SIIND_NULA;true
SIISO_NULA;true
SICLI_NULA;true
SICNX_NULA;true
SIDTF_NULA;true
SIGIS_NULA;true
SIMDP_NULA;true
SIMLT;false
SIPGA#1;true
SID49 Arquivada;true
SIBDO;false
SIPNC;false
SIPOG;false
SIGQI;false
SIGEO#2;true
SID55;false
SUSTENTAÇÃO SIBAN, SIGEC e SIFBN;false
SINAO061;true
SINOP;false
Área Master Híbrida V3.1;true
SINAD;false
SIEDE;false
SIAPC;false
SIACC_OLD;true
SIAFG;false
SIICO - UNIDADES RJ_NULA;true
SINAJ_NULA;true
SIARP_OLD;true
SICRE#1;true
SINAT;false
SIPOS_OLD;true
SIPOS;false
SIRFE;false
SIPON#1;true
SIATE;true
SICAT;false
SISRS;true
SIGRC#;true
SIBES_OLD;true
SISSO;false
SIDRJ;false
SIBES;false
SIGAF;false
SIBEN_old;true
SIIBS;false
SIOGU;false
SIICE_OLD;true
SITRP_old;true
SIIAI;false
SISGR_old;true
SIPTC#1;true
SICIG;false
CEDESRJ023 - Acesso Lógico;false
SIOFM#2;true
FÁBRICA - INDRA POLITEC;true
SIFEC;false
SIAPC#1;true
SIEMP;false
SIGEP_NULA;true
Plano de Ação - CEDESSP - Consórcio BCB_ARQUIVADA;true
PPJ - Programa de Transformação para PJ;false
SIRBI_NULA;true
SICVC;false
SIISP;false
CEDESRJ050 - Mobilidade;false
SIEDE#1;true
SIPAG#1;true
SIAEI#1;true
SIGET;false
PROJETOS QUALIDADE - CEDESSP;false
SISEC#1;true
SIGPA;true
SIBAG#1;true
SIRFT;false
SICHB;false
SICPW#;true
SIMEI_NULA;true
SIICO - EMPREGADOS#1;true
SIGES;false
SITEX;false
SIGOV_OLD;true
SIBES_NULA;true
SICMU_NULA;true
SITRC;false
SIESP_OLD;true
SICQW_OLD;true
SIVAT;false
SIEXC_OLD;true
SIFMP;false
SINAC_OLD;true
SINACOR_OLD;true
SIPAS_SP_OLD;true
CEDESRJ020 - Coord. Gestão de Contratos e Serviços Terceirizados;false
SIBLT#1;true
SIBAA;false
SISEC;true
SIORE;true
SISTREI;true
SIMRC;false
SIGOC;false
SIAVI;false
SIDUN_NULA;true
SIEXT_NULA;true
SIIAI_NULA;true
TI ITINERANTE_ARQUIVADA;true
SINAU PJ;true
SIGAT;false
SIPRC#1;true
SIPRC;false
SITDE#1;true
SISPA#1;true
SIAGE;false
SIAMS#1;true
SICOB;false
SIAUT;false
SIGCB_OLD;true
SIGTE;true
SIPCL;false
SICTE;true
SIGSQ#1;true
SIU61;true
SIBAA#1;true
SIBIB#1;true
SIPAN_TESTES;true
SIARR;false
SISAF_ARQUIVADA;true
SIAES;false
SIAGIL SAFe (nativa);true
SIPIC;true
SIPCN;false
MIGRA 3;true
SIPID_Teste_ARQUIVADA;true
SIFDS_NULA;true
SIFGS_NULA;true
SIICO_RJ_NULA;true
SIAUP_OLD;true
SID00_OLD;true
SIINT_OLD;true
SISFI_OLD;true
SIACC_CAIXA PROGRAMADO_OLD;true
SICAP_OLD;true
SIRMN#1;true
SICOB_DESCONTO;false
SITEX_OLD;true
SICID - SP_OLD;true
SIAPI;false
SINAF;false
SICOB_SICARTORIO;false
SICAQ_OLD;true
SISDE_SP_OLD;true
SICNR_OLD;true
SICFM_old;true
LABIDEIA;false
SIINV#1;true
SIASL - Ateste de Serviço OnLine#1;true
SIGSQ;true
SIVAE#1;true
SIOFM#1;true
SIBIM;false
Área Master Híbrida V2;true
Máster (Ágil) V2;true
SIRIC;false
SIFRA;true
SITREINA_RIO_DE_JANEIRO_testeerro;true
SIFRA_OLD;true
SIDTF_OLD;true
testesssss_ARQUIVADA;true
SIXLI_old;true
SIDUN_old;true
SIICP_old;true
SIEGH_old;true
SIPCI_OLD;true
SIPRE_OLD;true
SISNP;false
SICNL_old;true
SICRB_old;true
SIADI#1;true
SICMV$;true
SIAVL fora padrão - arquivar;true
SIU44#1;true
SIFIG;false
arquivado- brq;true
SIRGC;false
SIAOI - CANAIS DIGITAIS;false
SIPGD;true
CEDESBR063 - Qualidade de Testes;false
Ewave_Area_Teste;true
SICHT;false
CEDESSP - Gerência de Centralizadora;false
SINAD#1;true
SIAPX#1;true
SIGAN#1;true
SISUR_NULA;true
Portal de Contratos Caixa_ARQUIVADA;true
SIATX#1;true
SINAT#1;true
SIREG#1;true
SIORC#1;true
SIOCR;false
SIPER;false
SIPCS;false
SIGPB#1;true
SICPF;false
SIFCG;false
SITIF;false
Treinamento_SP_OLD;true
SIIDF;false
SIRBI;false
SISSG;false
SISDE;false
SIPIE_OLD;true
testeRM;true
SITLS;false
SILRC_;true
SIASM;false
SIACM;false
SICMT;false
SIFEC#1;true
SICTF;false
SIDAT_NULA;true
SIBCC - Bilheteria CAIXA Cultural#1;true
SIPSC;false
SIATS;false
SIRVA#1;true
SIAFP - Acesso Parceiros#1;true
SITEL;false
SIBCP#1;true
SIVUC#1;true
SIU05#1;true
SICCO;false
CEDESSP570 - Painel de Demandas;false
SIPET_OLD_ARQUIVADA;true
SIGAP_OLD;true
SISAR#1;true
SISGD;false
SIVOL#1;true
SIVOL;true
SITDE;false
SIIBC_OLD;true
SICVS;false
SICES_OLD;true
SIGBD#;true
SIICO - CANAIS DE DISTRIBUIÇÃO#;true
SIGCR;false
SIPEN;false
SICOP_NULA;true
TESTE_AtualizaçãoXML02_ARQUIVADA;true
SIPAC_NULA;true
SITREINA_RJ_NULA;true
SIPAT#com erro;true
SIPTI#1;true
SIGDC#1;true
SIGED#1;true
SIFOU;false
SIFWC;false
SINAU_OLD;true
SIGAT_OLD;true
SICCV_OLD;true
SICCF_OLD;true
SICCP;false
SIICO - TIPOLOGIA DOCUMENTAL;false
SIAVS;false
SIAME_OLD;true
SIAMF_OLD;true
SINBC;false
SIMAG;false
SILGT#1;true
SIARH;false
SISFW;false
SIOGP_ v3;true
_PEDEP_SP em migração;true
SIICL;false
SISMB_SP;false
Serviço Especializado SAI;false
Treinamento BRQ;true
SIRIC#1;true
teste_br;true
SIPEN#1;true
SISMB - old_ARQUIVADA;true
Processo Unificado - v20110412_ARQUIVADA;true
SIPGC#com erro;true
SIICO - PV CEP RJ_NULA;true
SIICO - PRODUTOS;false
SIGNU#1;true
SIWOC;false
SIMAC#1;true
SIPAT#1;true
SIITG_OLD;true
SICSI_old;true
SIAPG_old;true
SINOT_OLD;true
SIREP_OLD;true
SIGFG_old;true
SISNP_OLD;true
SIUCP_OLD;true
SICSI;true
SISAD_OLD;true
SIEXT;false
SIMEI;true
SIASA_old;true
SIASA;false
SIAUF_old;true
SIIBS_old;true
SISGR;false
SIIDF_OLD;true
SISMP_old;true
SIBMN#1;true
SIBLT;true
FÁBRICA - TI MÉTRICAS;true
SIFES#1;true
SIMIC#1;true
SIICO - FERIADOS RJ_NULA;true
Projeto Acesso Lógico_ARQUIVADA;true
SIPIS_NULA;true
SIDBM;true
SIOTP;true
SIJUR#1;true
SIMAT#1;true
SIAAD#1;true
SINAV;false
SIPLA;false
SITAE_OLD;true
ÁREAS DA CAIXA - Internalização_ARQUIVADA;true
Transição Cópia_ARQUIVADA;true
SIEPA#;true
SISFIN_CAMBIO;false
SISSB;false
SIPNL_HOMOLOGAÇÃO;true
CEDESBR160 - Coordenação: Incubadora A;false
SIRUR_OLD;true
SIMFI#1;true
SIPCB;true
SIRIM;false
SIORA#1;true
SIDFP#;true
SIPRV#1;true
SISMS#1;true
SICED;false
CEDESSP250 - Painel de Demandas;false
SIARS;false
SIARI;true
SIMCB#_erro;true
SIGIE;true
SIAVE#1;true
SIU02;true
SIGER;true
SISTZ#1.1;true
Projetos Suporte Premium IBM - Histórico;false
SIAGS;false
SIPCO;false
SILOJ;false
SITRW1;true
CEDESRJ100 - Data Science;false
SIAPX;false
SIARC;false
SIRCO_NULA;true
SITRJ_NULA;true
SIBNC#com erro;true
SIVAT_OLD;true
SIVBA;false
SIGDB;false
SINACOR;false
SISR2;false
SISR4_OLD;true
SISEM;false
SICDJ_old;true
SIAPS_OLD;true
SIJOB22;true
SIUMP;false
SICES#_ERRO;true
SICOP;false
SICVS_old;true
SIICO_RJ_OLD;true
SIICO_RJ;true
SIICO - PV CEP RJ_OLD;true
SIGIM#1;true
SIBUC;true
SISRR;true
SISTZ;false
SICAD;false
SIIMA#1.;true
SIGSS;false
SISGC#2;true
SIGST_NULA;true
SIBEN_NULA;true
SIFCV_NULA;true
SIPAB_NULA;true
SIEPA#2;true
Area_Master_V3_Sem_Advisor#1;true
SINCH;false
SIGDR;true
SIOGP_old;true
testeLucas03;true
PA Financeiro e Controladoria BCB;false
SICFW;true
SIPBS;false
SIFSA#1;true
SIDCN;false
sidas;true
Nova Plataforma de Cobrança - CIP;false
SINBM;false
SIOFG;false
SIECM;false
Area_sistema1;true
Teste_Area_16062017;true
SIMDC#2;true
SISAQ;false
Area_Projeto_Padrao_Novo_Modelo;true
COORDENAÇÃO - CRÉDITO;false
SMP - CEDESSP;false
SIAPF_erro;true
SICEDES;true
SIASW - Projeto Governança_RJ_NULA;true
SIITG_NULA;true
SIMCF_NULA;true
SIPIE_NULA;true
SIICO - UNIDADES BR#;true
PEDEPSP - SUPORTE;false
SIVOC;false
SIDPN;false
Master_Comunidade_Safe_Old;true
criado errado arquivar;true
CEDESRJ061 - Modelos de Atendimento;true
SISRA;false
IBM JKE Banking (Gerenciamento de Mudanças);false
SIIPC;false
Comunidade Contratações e Logística;false
DESOL;true
Comunidade_TESTE3_Safe;true
Gestão de Contratos e Auditoria - CEDESSP - Avaliação de Qualificação;false
SIGRT;false
Area_Master_V7.2_24112019;true
SIREX;false
SIRMC;false
Teste_Vitrine;true
Teste_Safe_Portfolio;true
Comunidade_TESTE4_Safe;true
SIGLM;false
SISGF;false
Area_Master_V6.4_20211108_PreDemandaGeceq;true
Agente Unico - Gestão;false
SICLF;true
GEOTI02 - Plataforma Mainframe;false
PLANTÃO CEDESBR;false
SIBSA;false
Master Comunidade 3.0 (TESTES SIGCT);false
Master Comunidade 3.0 - Centro de Custo (TESTES);true
SIGSP (Arquivado);true
SIBTI;false
Comunidade Habitação (ARQUIVADA);true
Area vitrine TESTE;true
Comunidade Canais Físicos;false
Projetos GEABR06;false
COORDENAÇÃO - CONTROLADORIA;false
Modelo CEDESRJ061 - NÃO EDITAR;true
Area_Master_V6.2_naoUtilizada;true
#SISRA;true
Comunidade Banco Digital;false
SIRSA;false
comunidade teste;true
GT Serviços Bancários e Tarifas;false
SINCV;false
SICMC;false
Teste Comunidade - C061223;true
SIADS;false
Area_Master_V6_arquivada_16_09_2019;true
CEDESRJ075 - Suporte Técnico;false
SIRMC - Processos Internos;false
arquivar BRQ;true
SIPAF;false
SIWCT;false
Area_Vitrine_Safe_V2#1;true
Area_Vitrine_Safe_V2#5;true
SIGLC#1;true
SICSDI;true
Comunidade EXEMPLO_07072021_TESTE;true
SIESC;true
SISGH;false
SIDRE(arquivado com erro);true
SIPGE - GESTÃO DE CONTRATAÇÕES E LOGÍSTICA;false
SIGAI;false
BRQ_RJ_TESTE;true
teste vitrine safe;true
SIDIP;false
SIGTL;false
SISIG;false
Comunidade Open Banking;true
Qualidade de TI - GEQTI;false
SICLS;false
Area_Vitrine_Safe_V2#6;true
teste061;true
SICPT;false
GEATI02 Desconsiderar;true
#SIGDJ;true
SITVM;false
Modelo_Area_Comunidade_2021_V1;true
Comunidade Estruturantes de TI;false
SISMN;false
#TESTES;true
BRQ (Dri Mariano) - Tradicional;true
SIAPO;false
Comunidade Meios de Pagamento;false
GEGAT - HMP em PRD;false
Comunidade Canais Digitais;false
Area_Master_V6.1;true
SITCI;true
GEOTI02 - Plataforma Mainframe (NUNCA UTILIZADO);true
CEDESBR230 - Segmento de Risco e Recuperação de Crédito;false
Area_Master_V7.4;true
Testes Migração itens - Sistema;true
SISNA (Arquivado);true
SIFRC (Arquivado);true
Compliance do Desenvolvimento de TI;false
MPS.CAIXA;false
Acompanhamento da Esteira de Demandas - CEDESSP;false
CEPEM03 - Gestão Contratual;false
Comunidade Pessoas - ARQUIVADA;true
SICMB;false
SQUAD Habitação;false
SICMP;true
CEPEM07;false
SIITO;true
SINET;false
SIPDI;false
SIAVO;false
GEPAS - Processos de Penalidades e Ressarcimento;false
CEDESSP - Testes Agil;true
SIGCC#;true
SIBPF;false
SIGDD;false
Comunidade Agronegócio;true
GEGOT;false
SIRAR (Arquivado);true
PEFUG SAFe;false
TESTE#;true
SISPI;false
SUDTI - Apoio à Gestão;false
Area_Master_V4_quetionario;true
SIGGC;false
Area_Master_V6.2_nao_utilizada;true
SIGPD;false
Comunidade Esteiras Digitais - ARQUIVADA(02-03-2021);true
Area_Master_V7.4_old16052021;true
SIAUR;false
LIXO;true
Comunidade Segurança - ARQUIVADA (03-03-2021);true
SIALR;false
TESTES [GECEQ] - Certificação e Qualidade;true
BRQ Testes;true
Master Comunidade V3.0 (evolução) #20427322;true
SISFD;false
SIVIT;false
CEDESRJ066 - Conformidade;false
Consultas da Comunidade - Loterias e Canais Parceiros;false
SIACI_GCI;false
SIAVD;false
SILIC;false
Comunidade_TESTE1_Safe;true
Teste - Modelo Area Comunidade 2021 v2 #ARQUIVADA2;true
GEFOA: Painel AGRO;false
Master_Comunidade_V4.1_item_portfolio;false
Testes RTC - BRQ-SP;true
Captar (Negócio);false
SIHOJ;false
SICDI;false
Comunidade Fundos de Governo - ARQUIVADA (02-02-2021);true
Comunidade - ARQUIVADA;true
Comunidade Dados (Big Data e Analytics);false
Máster (Ágil);true
BRQ_SP;true
SIASC;false
CEDESSP062 - Métricas;false
Formulário Pré-Projetos e Iniciativas candidatas;false
Area_Master_V7.4_antiga_20200927;true
SIOBA;false
Area_Master_V4_Piloto_TESTES TREINAMENTOS;true
Governança de API e Aplicativos Móveis;false
SISPE;false
SIMCO#2;true
SQUAD Relacionamento;true
SIELE;false
SIVCC;false
CEDESSP023 - Gestão de Pessoas;true
#SIALE;true
Capítulo Parceiros - Colaboradores e Faturamento-Pagamento;false
Area_Vitrine_Safe_V2#4;true
SIFCP;false
COORDENAÇÃO - FINANCEIRO;false
SICIS;false
SIGFA;false
SIIGT#;true
SICSU;false
NOVO SISMN;false
DevOps - GECEQ;false
SIAOC;false
Comunidade Arrecadação, Convênios e Cobrança - ARQUIVADA (02-02-2021);true
SIBPJ;false
Master_Comunidade_Safe;true
SIGVC;false
SIDRE(Arquivado);true
SIB2C;false
SIPGE - Controladoria (Arquivado);true
sisteste1;true
testev2;true
CECOP - Painel de Demandas;false
SICTM;false
Testes - arquivar;true
SIAND#1;true
SISMS#;true
SICAX;false
SIGDD#;true
SIPOB;true
Comunidade Teste SP;true
Originação Digital;false
#SISRC;true
SITMN;false
SIDMP - ARQUIVADA;true
Comunidade Teste;true
Acompanhamento Banco 24h - TECBAN;false
Comunidade Habitação;false
SICVM;false
Area_Master_V5;true
SICNT_ARQUIVADA;true
Capítulo Pessoas - HMP em PRD;false
SIGFCold;true
Area_Vitrine_Safe_V2#2;true
SICCS (Arquivado);true
SISSE (Arquivado);true
Compliance VITEC;false
GEIPF;false
SIXPE;false
#SITVA;true
#BRQ (Adriana) JKE Banking (Gerenciamento de Mudanças);true
SICBS - ARQUIVADA;true
Vitrine_POC_Safe;true
POC_RTC_Versionador;false
Area_Master_V4;true
SIGRE#;true
SIPFB;false
GEFAC - Fábrica de Captação e Serviços;false
BRQ_Area_teste_comunidade;true
Teste - Modelo Area Comunidade 2021 v2 #ARQUIVADA3;true
SUNED – Negócios Digitais;true
SICFD;false
Qintess - Scrum;false
Qintess_GCM_Interno;false
SIGID_Gestao_de_Usuarios;true
CEDESSP052;true
###Teste 2 - Modelo Area Comunidade 2021 V1;true
#Area_Master_V7.5;true
SIPPS;false
SISDC;false
Teste - Modelo Area Comunidade 2021 v1 #ARQUIVADA;true
Comunidade de Crédito: CEDESBR780;false
Máster (Ágil) V3;true
Implantação Ambiente TQS - CEDESSP;false
SISTESTE1COM;true
Gestão de Demandas de TI - Nova#;true
Agente Unico - Gestão FIES;false
SISAR (Arquivado);true
SITOP;false
SITJB;false
SIIPV;false
SIEGC#;true
SIACN;false
SIPQV;false
SIRAE;false
SIREI;false
#SIUPP;true
SICXT (Arquivado);true
SIBUS (Arquivado);true
SIFGC;false
Vitrine;false
SICSN;false
SITCE#2;true
SIDHP#2;true
Area_Master_V7_arquivada_16_09_2019;true
Area_Master_V6.4_20210818_RTC_16171646;true
Area_Master_V6.5;true
Teste_BRQ;true
SITKN;false
SIPGO;false
Teste formal template;true
Comunidade Pessoas;false
SIMPD;false
SISMN_Projetos;true
SUDTI_old;true
NSGD - Testes e Integrações;true
SIFBK;false
Comunidade Fomento e Depósitos Judiciais;false
SIOBS;false
Comunidade_TESTE2_Safe;true
Master_Vitrine_v1;true
GEGAT - DES em PRD;false
SIGAM;false
Comunidade Câmbio, Investimentos e Mercado de Capitais;false
Comunidade EXEMPLO;false
Teste - Modelo Area Comunidade 2021 v2 #ARQUIVADA;true
CEDESBR200;true
SIDEV#1;true
##(Marcone) JKE Banking (Gerenciamento de Mudanças);true
Comunidade CRM, Cadastro e Risco De Crédito - ARQUIVADA (01-03-2021);true
SIRPW;false
Comunidade Esteiras Digitais;false
TESTS;true
Master_Comunidade_V2.0_241221_p;false
SIGSC#2;true
Comunidade Crédito Comercial e Agronegócio - ARQUIVADA (5-02-2021);true
GEGAT;false
Area_Master_V6.7;false
Area_Master_V7.8;false
Area_Master_V7.2_nao_utilizada;true
###Teste - Modelo Area Comunidade 2021 V1;true
SICLB;false
UX - User Experience;false
Area_Master_erroCriacao;true
Area_Master_V7.2_naoUtilizada;true
Acionamento Capítulos;false
Comunidade Institucional - ARQUIVADA (01-02-2021);true
Modelos de Widgets e Consultas;false
SIMTI (Arquivado);true
SIGDJ;false
#Comunidade EXEMPLO;true
Teste_Rapha_V2;true
Testes Migração itens - Comunidade;true
SIOTR;false
GESTI;false
Area_teste_interno;true
Comunidade Financeiro e Controladoria;false
Area_Vitrine_Safe_V2#7;true
Area_Master_V7.2_Fail;true
#JKE Banking (Gerenciamento de Mudanças);true
CEDESSP063 - Suporte à Ferramentas (Clear Case - RTC);false
Comunidade Operações Bancárias;true
CEDESRJ - Gestão de Pessoas e Recursos;false
Area_Comunidade_TESTE;true
SIAAF;false
SIIFX;false
Area_Master_V7.7;false
SISAT;false
SIRPX;false
SIIAG;false
SIDMP;false
Comunidade CRM, Cadastro e Risco De Crédito;true
Area_Vitrine_Safe_V2#3;true
SIPGO OLD;true
GEOTI02-17122019;true
SIDMO_Arquivada;true
Comunidade Controladoria, Contábeis, Tributos e Orçamento;true
Area_Master_V7.4_20211111_PreDemandaGECEQ;true
SIPBF;false
Area_Master_V7.4_12052021_06072022-test;true
Master_Comunidade_V4.1;false
SUCTI Governança - Projetos;false
SISGN;true
#SIACN;true
GETIN;false
CEDESSP061 - Escritório de Capacidade - CEDESSP;false
Area_Vitrine_Safe;true
teste Métricas Caixa;true
BRQArquivado;true
Area_Master_V6.3;true
SIDMP_arquivado;true
SIIDX;false
Master_Vitrine_V2 (evolução);true
SIFEP;false
ChatBot - Parametrizador de Diálogos;false
SICDE;false
SITFS;false
SIPIS - SP;false
SP - area comunidade teste v2;true
Comunidade Gestão de Identidade, Acesso e Antifraude;false
SICSC;false
Área Master Híbrida V2.1;true
SIMCM#;true
#SIACN-;true
SIAPD;false
SUDIG - Solicitação de Suporte;false
Area_Master_V7.4_12072022;true
Área Master Híbrida V1;true
Métricas - CEPEM;false
Area_Master_V7_questionarioAntigo;true
BRQ_MENTORING_DEFAULT;true
Testes Migração itens - Comunidade - arquivada;true
SIGMP;false
SILDG;false
CEDESSP - Testes;false
Definição de Negócio (DDN);false
Comunidade Risco, Compliance, Inadimplência, Adimplência e Linha de Defesa;true
Master_Processo;true
SICVR;false
SIGOV;false
Teste - Modelo Area Comunidade 2021 v1;true
Gestão de Incidentes - Rio de Janeiro;false
SISMC#;true
SIAAA#1;true
Area_Master_V6.2_24112019;true
Comunidade Depósitos e Capacitação - ARQUIVADA (01-02-2021);true
Siteste_061;true
SIQOD;false
BRQ_Interno;true
SIMTA;false
SIPEM#;true
SIOCG;false
SAFE 4.0Process (portifolio);false
SIOPM;false
SIFGD;false
SIATF;false
Master_Vitrine_V2;false
Area_Master_V6.4_12072022;true
SIRFF;false
SIAFF;false
SIICX (Arquivado);true
Area errada - ARQUIVADA;true
Area_Master_V6.4_antiga_20200927;true
Area_Master_V6.4;true
Master_Vitrine_V3;false
Master_Comunidade_V4.2;false
SINEW (Arquivado);true
SICMP_old - ARQUIVADA;true
Comunidade Fomento e Depósitos Judiciais - ARQUIVADA (01-02-2021);true
Comunidade Clientes;false
Comunidade Crédito Comercial e Agronegócio;false
SIGCN;false
Modernização VIART_OLD;true
#SIMPR_old;true
SIIGF;false
SIITX;false
SISCB;false
SIECO;false
CEDESBR211 - Adm: ATD, GTD, AAD, GPN, CHA, IPO;false
SITUDO_Ágil;false
SIAUI;false
SIADA;false
SISOU;false
SIFGG;false
SIEHC;false
GEGAT - Teste Linha de Tempo;false
Área Master Híbrida V3;true
Comunidade Meios de Pagamento- ARQUIVADA;true
SIGCX;false
Master_Comunidade;true
SIRIX (Arquivado);true
SINUM;false
TD - Frente de Esteiras;false
CEDESSP340;false
Area_Master_V4 (arquivada);true
Agilidade e UX;false
SICHA;false
#SIPVB;true
Certificação e Qualidade de TI - GECEQ;true
BRQ GC MAE;true
SICGB;false
SIISF;false
SIGFP;false
SISAG - Gestão Registro Erro e Testes;true
Qualidade de TI - GEQTI_TestesNaoProdução;false
TESTE - RTC;true
SINRF;false
Necessidades de Negócio;true
SIEAD;false
CEPEM;false
SICFI;false
SIPTO;false
SICPE#;true
#SIBCP;true
SICIN;false
SISTESTE2COM;true
JORNADA DO EMPREGADO;true
acionamento teste;true
Teste vitrine;true
Area_Master_V6.6;false
Voto VICOR - Painel de Atendimento_ARQUIVADO;true
Comunidade Depósitos e Captação - ARQUIVADA (01-02-2021);true
Master_comunidade_Safe_v1;true
Testes RTC - CEDESSP;true
SIPRV;false
Modernização VIART;true
SIMPR;false
Comunidade Depósitos e Captação;false
SINCL;false
Master Comunidade V4.0;false
SIPNC_HOMOLOGAÇÃO;false
PEDEP SAFe (Negócio);false
Comunidade Canais Próprios Interno - ARQUIVADA (01-03-2021);true
SINPJ;false
SIAFS;false
Necessidade de Negócio#;true
SIAOG#;true
SICDA;false
SICMO;false
SIDPJ;true
Comunidade Loterias e Canais Parceiros;false
SICLM;false
Area_Master_V6.2_Fail;true
Pessoas e Suporte à Capacidade;false
BRQ - Agil 2;true
SIDIG;false
Comunidade Fundos de Governo;false
SIAGIL_old;true
SICIM;false
SIAGIL SCRUM (nativa);true
SICFL;true
SIGIA;false
Area_Master_V7.5;true
Comunidade Institucional;false
SAFE 4.0 PROCESS (PROGRAM);false
#(Marcone) JKE Banking (Gerenciamento de Mudanças);true
SICRM;false
SIAME_SP_ARQUIVADA;true
Comunidade Arrecadação, Convênios e Cobrança;false
Comunidade Loterias e Canais Parceiros - ARQUIVADA;true
Comunidade Programas Sociais - ARQUIVADA;true
SIMLC#;true
Area_Master_6.4 - Cópia;true
SIFRS;false
SICSD;false
SICQW_ARQUIVADA;true
SIICC (Arquivado);true
#CEDESSP340;true
BRQ_Hibrida_V1;true
Loterias (Negócio);false
TESTE TLD HIBRIDA_V2;true
Area_Master_V6_questionarioAntigo;true
CEDESSP027 - Suporte à Ferramentas (Clear Case - RDNG - RTC)_arquivar;true
##BRQ (Adriana) JKE Banking (Gerenciamento de Mudanças);true
Area_Master_V6.4_Deploy;true
SISKO;false
SICBS;false
SICERT;true
Master Comunidade V3.0 (evolução);false
Area_Master_V6.8;false
SICEP#;true
SITAB#;true
SIMPI;false
Area_Master_V6.4_old16052021;true
SIPPP;false
SIPPG;false
Area_Master_V7.6;false
SINDA;false
SQUAD FGTS;false
Comunidade Câmbio;false
SIPXS;false
Comunidade Câmbio, Investimentos e Mercado De Capitais (arquivado);true
SIDEX;false
SIACB;false
SINCD;false
Master_Comunidade_V2.0;true
Modelo_Area_Comunidade_2021_V2;true
Area_Master_V7.3;true
SIDSC;false
SIDIS;false
SIGID;false
SIDED#;true
SIGOV_ARQUIVADA;true
SIATI;false
SIRFO;false
SIINP;false
SIEDD;false
Comunidade Risco, Compliance, Inadimplência, Linha de Defesa e Adimplência;false
###29112021;true
Consultas da Comunidade Estruturantes - Squads 008 e 009;false
SIGCD#1;true
SIPAB;false
Operações;false
Comunidade Teste Master_Comunidade_V2.0;true
Master Comunidade V3.0;true
SIGSR;false
Capítulo Pessoas - DES em PRD;false
SIGTS;false
Teste - Modelo Area Comunidade 2021 v2;true
Métricas Caixa;false
SIMFC;true
SIDRE;false
Comunidade Programas Sociais;false
SIPLC;false
SICML;false
BRQ Prototipação de Itens de Trabalho;true
Comunidade Dados (Big Data, Analytics e Bi) - ARQUIVADA (03-03-2021);true
SINDA_OLD;true
Area_Master_V7.1;true
CEDESBR300 - Coordenação Migração COV-ACC-GMC-PGT;false
SUCTI07;false
Comunidade Contratações e Logística - ARQUIVADA (03-03-2021);true
SIDRO;false
###BRQ (Adriana) JKE Banking (Gerenciamento de Mudanças);true
#Master_Vitrine_V2 (evolução);true
