rtc ; rdng
SI003;
SIA07;
SIA13;
SIAAD;SIAAD (Gerenciamento de Requisitos)
SIAAF;SIAAF (Gerenciamento de Requisitos)
SIAAS;SIAAS (Gerenciamento de Requisitos)
SIABE;SIABE (Gerenciamento de Requisitos)
SIABF;SIABF (Gerenciamento de Requisitos)
;SIABM (Gerenciamento de Requisitos)
;SIABM Nova Arquitetura (Gerenciamento de Requisitos)
SIABM;
SIACA;
SIACB;SIACB (Gerenciamento de Requisitos)
SIACC;SIACC (Gerenciamento de Requisitos)
SIACC_CAIXA PROGRAMADO;
SIACG;SIACG (Gerenciamento de Requisitos)
SIACH;SIACH (Gerenciamento de Requisitos)
;SIACI (Gerenciamento de Requisitos)
SIACI_GCE;
SIACL;SIACL (Gerenciamento de Requisitos)
SIACM;SIACM (Gerenciamento de Requisitos)
SIACN;SIACN (Gerenciamento de Requisitos)
SIACT;SIACT (Gerenciamento de Requisitos)
SIADA;SIADA (Gerenciamento de Requisitos)
SIADC;
SIADD;SIADD (Gerenciamento de Requisitos)
SIADE;
SIADI;SIADI (Gerenciamento de Requisitos)
SIADJ;
SIADP;SIADP (Gerenciamento de Requisitos)
SIADS;SIADS (Gerenciamento de Requisitos)
SIADT;
SIAEC;SIAEC (Gerenciamento de Requisitos)
;SIAEF (Gerenciamento de Requisitos)
SIAEF - MOCIV;
SIAEF;
SIAEI;SIAEI (Gerenciamento de Requisitos)
SIAEP;SIAEP (Gerenciamento de Requisitos)
SIAES;SIAES (Gerenciamento de Requisitos)
SIAFC;SIAFC (Gerenciamento de Requisitos)
SIAFF;SIAFF (Gerenciamento de Requisitos) 
SIAFG;SIAFG (Gerenciamento de Requisitos)
SIAFH;SIAFH (Gerenciamento de Requisitos)
SIAFR;SIAFR (Gerenciamento de Requisitos)
SIAFS;SIAFS (Gerenciamento de Requisitos)
SIAGC;SIAGC (Gerenciamento de Requisitos)
SIAGD;SIAGD (Gerenciamento de Requisitos)
SIAGE;
SIAGIL (hibrida);
SIAGP;
SIAGR;SIAGR (Gerenciamento de Requisitos)
SIAGS;SIAGS (Gerenciamento de Requisitos)
SIAGT;
SIAIA;SIAIA (Gerenciamento de Requisitos)
SIAIC;
SIALC;SIALC (Gerenciamento de Requisitos)
SIALF;
SIALG;SIALG (Gerenciamento de Requisitos)
SIALI;SIALI (Gerenciamento de Requisitos)
SIALM;
SIALR;SIALR (Gerenciamento de Requisitos)
SIAMC;SIAMC (Gerenciamento de Requisitos)
SIAME FGTS Ágil (Change Management);
;SIAME-APHAB (Gerenciamento de Requisitos)
SIAME_APHAB;
;SIAME_BR (Gerenciamento de Requisitos)
;SIAME_RJ (Gerenciamento de Requisitos)
SIAMF_APAGV;
SIAMF_APSFD;
SIAMF_SP;
SIAMI;SIAMI (Gerenciamento de Requisitos)
SIAMS;SIAMS (Gerenciamento de Requisitos)
SIAMT;
SIANC;SIANC (Gerenciamento de Requisitos)
SIANS;SIANS (Gerenciamento de Requisitos)
SIANT;
SIAOC;SIAOC (Gerenciamento de Requisitos)
;SIAOI (Gerenciamento de Requisitos)
SIAOI - CANAIS DIGITAIS;
SIAOI;
SIAOP;SIAOP (Gerenciamento de Requisitos)
SIAOS;
SIAPA;SIAPA (Gerenciamento de Requisitos)
SIAPC;SIAPC (Gerenciamento de Requisitos)
SIAPD;SIAPD (Gerenciamento de Requisitos)
SIAPF;SIAPF (Gerenciamento de Requisitos)
SIAPG;SIAPG (Gerenciamento de Requisitos)
SIAPI;SIAPI (Gerenciamento de Requisitos)
SIAPM;SIAPM
;SIAPMZI
SIAPO;SIAPO
SIAPP;SIAPP (Gerenciamento de Requisitos)
SIAPS;SIAPS (Gerenciamento de Requisitos)
SIAPT;SIAPT (Gerenciamento de Requisitos)
SIAPX;SIAPX (Gerenciamento de Requisitos)
SIARA;SIARA (Gerenciamento de Requisitos)
SIARC;
SIARE;
SIARG;SIARG (Gerenciamento de Requisitos)
SIARH;
SIARJ;SIARJ (Gerenciamento de Requisitos)
SIARP;SIARP (Gerenciamento de Requisitos)
SIARR;SIARR (Gerenciamento de Requisitos)
SIARS;
SIART;SIART (Gerenciamento de Requisitos)
SIASA;
SIASC;SIASC (Gerenciamento de Requisitos)
SIASE;SIASE (Gerenciamento de Requisitos)
SIASL;SIASL (Gerenciamento de Requisitos) 
SIASM;
SIASO;SIASO (Gerenciamento de Requisitos)
SIASR;SIASR (Gerenciamento de Requisitos)
SIATC;SIATC (Gerenciamento de Requisitos)
SIATD;SIATD (Gerenciamento de Requisitos)
;SIATE (Gerenciamento de Requisitos)
SIATF;SIATF (Gerenciamento de Requisitos)
SIATI;SIATI (Gerenciamento de Requisitos)
SIATM;SIATM (Gerenciamento de Requisitos)
SIATR;SIATR (Gerenciamento de Requisitos)
SIATS;SIATS (Gerenciamento de Requisitos)
SIATV;SIATV (Gerenciamento de Requisitos)
SIATX;SIATX (Gerenciamento de Requisitos)
SIAUD;SIAUD (Gerenciamento de Requisitos)
SIAUF;SIAUF (Gerenciamento de Requisitos)
SIAUP;SIAUP (Gerenciamento de Requisitos)
SIAUR;SIAUR (Gerenciamento de Requisitos)
SIAUT;SIAUT (Gerenciamento de Requisitos)
SIAVD;
SIAVI;
SIAVL;SIAVL (Gerenciamento de Requisitos)
SIAVO;SIAVO (Gerenciamento de Requisitos)
SIAVP;SIAVP (Gerenciamento de Requisitos)
SIAVS;SIAVS (Gerenciamento de Requisitos)
SIB24;SIB24 (Gerenciamento de Requisitos)
SIB2B - SITE RJ;SIB2B - SITE RJ
SIB2B;
SIB2C;SIB2C (Gerenciamento de Requisitos)
SIBAA;
SIBAM;
SIBAN;SIBAN (Gerenciamento de Requisitos)
SIBAR;SIBAR (Gerenciamento de Requisitos)
SIBAT;SIBAT (Gerenciamento de Requisitos)
SIBBR;
SIBCC;
SIBCX;SIBCX (Gerenciamento de Requisitos)
SIBDO;SIBDO (Gerenciamento de Requisitos)
SIBEC;SIBEC (Gerenciamento de Requisitos)
SIBEN;SIBEN (Gerenciamento de Requisitos)
SIBES;
SIBIM;
SIBIN;SIBIN (Gerenciamento de Requisitos)
SIBIO;
SIBIS;
SIBLC;
SIBLO;SIBLO (Gerenciamento de Requisitos)
SIBOT;
SIBPF;SIBPF (Gerenciamento de Requisitos) 
SIBPJ;SIBPJ (Gerenciamento de Requisitos)
SIBRJ;
SIBSA;SIBSA (Gerenciamento de Requisitos)
SIBTI;SIBTI (Gerenciamento de Requisitos)
SIBTL;
SIBUS;
SICAC;SICAC (Gerenciamento de Requisitos)
SICAD;SICAD (Gerenciamento de Requisitos)
SICAJ;SICAJ (Gerenciamento de Requisitos)
SICAL;SICAL (Gerenciamento de Requisitos)
SICAN;SICAN (Gerenciamento de Requisitos)
SICAO;
SICAP;SICAP (Gerenciamento de Requisitos)
SICAP_CAPCAIXA;
SICAQ;SICAQ (Gerenciamento de Requisitos)
SICAR;
;SICARTORIO (Gerenciamento de Requisitos)
SICAS;SICAS (Gerenciamento de Requisitos)
SICAT;SICAT (Gerenciamento de Requisitos)
SICAX;
SICBA;SICBA (Gerenciamento de Requisitos)
SICBC;SICBC (Gerenciamento de Requisitos)
SICBS;SICBS (Gerenciamento de Requisitos)
;SICCD (Gerenciamento de Requisitos)
SICCD - Contratação de Cartão Digital;
SICCF;SICCF (Gerenciamento de Requisitos)
SICCH_CLIENTE;
SICCH_PV;
SICCL;SICCL (Gerenciamento de Requisitos)
SICCO;SICCO (Gerenciamento de Requisitos)
SICCP;SICCP (Gerenciamento de Requisitos)
SICCR;SICCR (Gerenciamento de Requisitos)
SICCS;SICCS (Gerenciamento de Requisitos)
SICCV;SICCV (Gerenciamento de Requisitos)
SICCW;
SICDA;SICDA (Gerenciamento de Requisitos)
SICDC;SICDC (Gerenciamento de Requisitos)
SICDE;SICDE (Gerenciamento de Requisitos)
SICDG;SICDG (Gerenciamento de Requisitos)
SICDI;
SICDJ;
SICDM;SICDM (Gerenciamento de Requisitos)
SICDS;SICDS (Gerenciamento de Requisitos)
SICDT;SICDT (Gerenciamento de Requisitos)
SICDU;SICDU (Gerenciamento de Requisitos)
SICEA;SICEA (Gerenciamento de Requisitos)
SICEC;SICEC (Gerenciamento de Requisitos)
SICED;
SICEF;
SICEL;SICEL (Gerenciamento de Requisitos) 
SICEM;SICEM (Gerenciamento de Requisitos)
SICERT;
SICES;SICES (Gerenciamento de Requisitos)
SICET;SICET (Gerenciamento de Requisitos)
SICEX;SICEX (Gerenciamento de Requisitos)
SICFD;SICFD
SICFG;SICFG (Gerenciamento de Requisitos)
SICFI;SICFI (Gerenciamento de Requisitos)
;SICFL (Gerenciamento de Requisitos)
SICFM;
SICFS;SICFS (Gerenciamento de Requisitos)
SICFT;SICFT (Gerenciamento de Requisitos)
SICGB;SICGB (Gerenciamento de Requisitos)
SICGR;SICGR (Gerenciamento de Requisitos)
SICHA;
SICHB;
SICHC;SICHC (Gerenciamento de Requisitos)
SICHT;
SICIA;SICIA (Gerenciamento de Requisitos)
SICIC;SICIC (Gerenciamento de Requisitos)
;SICID (Gerenciamento de Requisitos)
SICID - RJ;
SICID - SP;SICID - SP (Gerenciamento de Requisitos)
SICIF;
SICIG;
SICIM;SICIM (Gerenciamento de Requisitos)
SICIN;SICIN (Gerenciamento de Requisitos)
SICIP;SICIP (Gerenciamento de Requisitos)
SICIR;SICIR (Gerenciamento de Requisitos)
SICIS;SICIS (Gerenciamento de Requisitos)
;SICIV (Gerenciamento de Requisitos)
SICIV – Sistema de controle de investimentos;
SICJU;SICJU (Gerenciamento de Requisitos)
;SICLF (Gerenciamento de Requisitos)
SICLG;SICLG (Gerenciamento de Requisitos)
SICLI;SICLI (Gerenciamento de Requisitos)
SICLM;SICLM (Gerenciamento de Requisitos)
SICMB;SICMB (Gerenciamento de Requisitos)
SICMC;SICMC (Gerenciamento de Requisitos)
SICML;
SICMO;SICMO (Gerenciamento de Requisitos)
;SICMP (Gerenciamento de Requisitos)
SICMT;SICMT (Gerenciamento de Requisitos)
SICMU;SICMU (Gerenciamento de Requisitos)
SICMV;
SICNC;
SICNL;
SICNR;SICNR (Gerenciamento de Requisitos)
SICNS;SICNS (Gerenciamento de Requisitos)
SICNX;SICNX (Gerenciamento de Requisitos) 
SICOB;SICOB (Gerenciamento de Requisitos)
SICOB_COBCAIXA;
SICOB_DESCONTO;
SICOB_SICARTORIO;
;SICOC (Gerenciamento de Requisitos)
SICOD;SICOD (Gerenciamento de Requisitos)
SICOF;
SICOM;SICOM (Gerenciamento de Requisitos)
SICOP;SICOP (Gerenciamento de Requisitos)
SICOS;SICOS (Gerenciamento de Requisitos) 
SICOV;SICOV (Gerenciamento de Requisitos)
SICOW;SICOW (Gerenciamento de Requisitos)
SICOX;SICOX (Gerenciamento de Requisitos)
;SICPC(Gerenciamento de Requisitos)
SICPC;
;SICPF(Gerenciamento de Requisitos)
SICPF;
SICPJ;
SICPM;
SICPP;SICPP (Gerenciamento de Requisitos)
SICPR;SICPR (Gerenciamento de Requisitos)
SICPT;SICPT (Gerenciamento de requisitos)
SICPU;SICPU (Gerenciamento de Requisitos)
SICPX;SICPX (Gerenciamento de Requisitos)
SICQL;SICQL (Gerenciamento de Requisitos)
SICQM;
SICRA;SICRA (Gerenciamento de Requisitos)
SICRB;SICRB (Gerenciamento de Requisitos)
SICRD;SICRD (Gerenciamento de Requisitos)
SICRE;SICRE (Gerenciamento de Requisitos)
SICRF;
SICRH;SICRH (Gerenciamento de Requisitos)
SICRI;SICRI (Gerenciamento de Requisitos)
SICRM;SICRM (Gerenciamento de Requisitos)
SICRS;SICRS (Gerenciamento de Requisitos)
SICRV;SICRV (Gerenciamento de Requisitos)
SICSA;
SICSC;SICSC (Gerenciamento de Requisitos)
SICSD;SICSD (Gerenciamento de Requisitos)
SICSF;
SICSI;
;SICSJ (Gerenciamento de Requisitos)
SICSN;SICSN (Gerenciamento de Requisitos)
SICSU;SICSU (Gerenciamento de Requisitos)
SICTB;SICTB (Gerenciamento de Requisitos)
SICTD;SICTD (Gerenciamento de Requisitos)
SICTF;
SICTM;
SICTR;SICTR (Gerenciamento de Requisitos)
SICUC;SICUC (Gerenciamento de Requisitos)
SICUJ;SICUJ (Gerenciamento de Requisitos)
;SICUT (Gerenciamento de Requisitos)
SICVC;SICVC (Gerenciamento de Requisitos)
;SICVE  (Gerenciamento de Requisitos)
SICVE;
SICVR;SICVR (Gerenciamento de Requisitos)
SICVS;SICVS (Gerenciamento de Requisitos)
SICXC;SICXC (Gerenciamento de Requisitos)
SICXT;
SID00;SID00 (Gerenciamento de Requisitos)
SID01;SID01 (Gerenciamento de Requisitos)
SID02;SID02 (Gerenciamento de Requisitos)
SID03;SID03 (Gerenciamento de Requisitos)
SID04;
SID05;SID05 (Gerenciamento de Requisitos)
SID06;SID06 (Gerenciamento de Requisitos)
SID07;SID07 (Gerenciamento de Requisitos)
SID08;SID08 (Gerenciamento de Requisitos)
SID09;SID09 (Gerenciamento de Requisitos)
SID49;SID49 (Gerenciamento de Requisitos)
SID52;SID52 (Gerenciamento de Requisitos)
SID53;SID53 (Gerenciamento de Requisitos)
SID55;
SIDAP;SIDAP (Gerenciamento de Requisitos)
SIDAS;SIDAS (Gerenciamento de Requisitos)
SIDAT;
SIDCA;SIDCA (Gerenciamento de Requisitos)
SIDCE;SIDCE (Gerenciamento de Requisitos)
SIDCN;SIDCN (Gerenciamento de Requisitos)
SIDDA;SIDDA (Gerenciamento de Requisitos)
SIDDH;
SIDEC;SIDEC (Gerenciamento de Requisitos)
;SIDEJ (Gerenciamento de Requisitos)
SIDEM;SIDEM (Gerenciamento de Requisitos)
SIDEO;SIDEO (Gerenciamento de Requisitos)
SIDES;
SIDFG;SIDFG (Gerenciamento de Requisitos)
SIDGO;SIDGO (Gerenciamento de Requisitos)
SIDHP#2;
SIDIG;SIDIG (Gerenciamento de Requisitos)
SIDIM;
SIDIS;SIDIS (Gerenciamento de Requisitos)
SIDMF;SIDMF (Gerenciamento de Requisitos)
;SIDMO (Gerenciamento de Requisitos)
SIDMP;SIDMP (Gerenciamento de Requisitos)
SIDOC;SIDOC (Gerenciamento de Requisitos)
SIDON;SIDON (Gerenciamento de Requisitos)
SIDOU;SIDOU (Gerenciamento de Requisitos)
SIDOW - Inativo;
SIDPN;SIDPN (Gerenciamento de Requisitos)
SIDRC;
SIDRE;SIDRE (Gerenciamento de Requisitos)
SIDRJ;SIDRJ (Gerenciamento de Requisitos) 
SIDSC;
SIDTF;SIDTF (Gerenciamento de Requisitos)
SIDUN;SIDUN (Gerenciamento de Requisitos)
SIEAD;SIEAD (Gerenciamento de Requisitos)
SIEBR;
SIECD;
SIECE;SIECE (Gerenciamento de Requisitos)
SIECM;
SIECO;SIECO (Gerenciamento de Requisitos)
SIECP;SIECP (Gerenciamento de Requisitos)
SIEDD;SIEDD (Gerenciamento de Requisitos)
SIEDE;SIEDE (Gerenciamento de Requisitos)
SIEDT;
SIEFG;
SIEFI;SIEFI (Gerenciamento de Requisitos)
SIEGH;SIEGH (Gerenciamento de Requisitos)
SIEHC;SIEHC (Gerenciamento de Requisitos)
SIELE;
SIELT;
SIEMD;SIEMD (Gerenciamento de Requisitos)
SIEMP;SIEMP (Gerenciamento de Requisitos)
SIENC;
SIEPA;SIEPA (Gerenciamento de Requisitos)
SIEPC;SIEPC (Gerenciamento de Requisitos)
SIEPR;SIEPR (Gerenciamento de Requisitos)
SIERC;SIERC (Gerenciamento de Requisitos)
SIERE;
SIESP;SIESP (Gerenciamento de Requisitos)
SIEST;SIEST (Gerenciamento de Requisitos)
SIETI;SIETI (Gerenciamento de Requisitos)
SIEVE;
SIEVJ;SIEVJ (Gerenciamento de Requisitos)
SIEVT;
SIEXC;SIEXC (Gerenciamento de Requisitos)
SIEXT;
SIFAG;
SIFAM;SIFAM (Gerenciamento de Requisitos)
SIFAP;SIFAP (Gerenciamento de Requisitos)
SIFBK;SIFBK (Gerenciamento de Requisitos)
SIFBN;
SIFCF;SIFCF (Gerenciamento de Requisitos)
SIFCG;SIFCG (Gerenciamento de Requisitos)
SIFCP;SIFCP (Gerenciamento de Requisitos)
SIFCV;
SIFDL;SIFDL (Gerenciamento de Requisitos)
;SIFDS (Gerenciamento de Requisitos)
SIFEC;SIFEC (Gerenciamento de Requisitos)
SIFEP;SIFEP (Gerenciamento de Requisitos)
SIFES;SIFES (Gerenciamento de Requisitos)
SIFFP;
SIFGC;SIFGC (Gerenciamento de Requisitos)
SIFGD;SIFGD (Gerenciamento de Requisitos)
SIFGE;SIFGE (Gerenciamento de Requisitos)
SIFGG;SIFGG (Gerenciamento de Requisitos)
SIFGI;SIFGI (Gerenciamento de Requisitos)
SIFGM;SIFGM (Gerenciamento de Requisitos)
SIFGP;SIFGP (Gerenciamento de Requisitos)
SIFGS;
SIFGS_SP;SIFGS_SP (Gerenciamento de Requisitos)
SIFGU;
SIFIG;
SIFIT;SIFIT (Gerenciamento de Requisitos)
SIFIX;SIFIX (Gerenciamento de Requisitos)
SIFLX;SIFLX (Gerenciamento de Requisitos)
SIFMP;SIFMP (Gerenciamento de Requisitos)
SIFOB;SIFOB (Gerenciamento de Requisitos)
SIFOR;
SIFOU;
SIFPM;
SIFPP;SIFPP (Gerenciamento de Requisitos)
;SIFRA (Gerenciamento de Requisitos)
SIFRC;
SIFRS;SIFRS (Gerenciamento de Requisitos)
SIFSA;SIFSA (Gerenciamento de Requisitos)
;SIFTX  (Gerenciamento de Requisitos)
SIFTX;
;SIFUG (Gerenciamento de Requisitos)
;SIFUG - CONVIVENCIA
;SIFUG - MIGRAÇÃO
SIFUG;
SIFWC;SIFWC (Gerenciamento de Requisitos)
SIGAC;SIGAC (Gerenciamento de Requisitos)
SIGAD;
SIGAF;SIGAF (Gerenciamento de Requisitos)
SIGAI;SIGAI (Gerenciamento de Requisitos)
SIGAL;SIGAL (Gerenciamento de Requisitos)
SIGAP;SIGAP (Gerenciamento de Requisitos)
SIGAT;SIGAT (Gerenciamento de Requisitos)
SIGAT_HOMOLOGAÇÃO;
SIGBC;SIGBC (Gerenciamento de Requisitos)
SIGBD;
SIGBF;SIGBF
;SIGBG (Gerenciamento de Requisitos)
SIGBK;
SIGBO;SIGBO (Gerenciamento de Requisitos)
SIGCA;
;SIGCB (Gerenciamento de Requisitos)
;SIGCB-COBSINCO (Gerenciamento de Requisitos)
;SIGCB-ECOBRANÇA (Gerenciamento de Requisitos)
SIGCB;
SIGCB_BLOQUETO EXPRESSO;
SIGCB_COBSINCO;
SIGCB_ECobranca;
SIGCB_PROTESTO;
SIGCD;
SIGCH;
SIGCN;SIGCN (Gerenciamento de Requisitos)
SIGCP;
SIGCR;SIGCR (Gerenciamento de Requisitos)
SIGCS;SIGCS (Gerenciamento de Requisitos)
;SIGCT (Gerenciamento de Requisitos)
SIGCT - SIGCP_Rel;
SIGCT;
SIGCV;
SIGCX;
SIGDA;SIGDA (Gerenciamento de Requisitos)
SIGDB;SIGDB (Gerenciamento de Requisitos)
SIGDC;SIGDC (Gerenciamento de Requisitos)
SIGDD;SIGDD (Gerenciamento de Requisitos)
SIGDF;SIGDF (Gerenciamento de Requisitos)
;SIGDI (Gerenciamento de Requisitos)
SIGDJ;
SIGDP;SIGDP (Gerenciamento de Requisitos)
SIGDU;SIGDU (Gerenciamento de Requisitos)
SIGEC;SIGEC (Gerenciamento de Requisitos)
;SIGEC_CSC (Gerenciamento de Requisitos)
SIGED;
SIGEL;SIGEL (Gerenciamento de Requisitos)
SIGEP;
SIGER;SIGER (Gerenciamento de Requisitos)
SIGES;SIGES (Gerenciamento de Requisitos)
SIGET;SIGET (Gerenciamento de Requisitos)
SIGFA;SIGFA (Gerenciamento de Requisitos)
SIGFC;
SIGFCold;
;SIGFH (Gerenciamento de Requisitos)
SIGFI;SIGFI (Gerenciamento de Requisitos)
;SIGFI_ECR (Gerenciamento de Requisitos)
SIGFO;SIGFO (Gerenciamento de Requisitos)
SIGFP;SIGFP (Gerenciamento de Requisitos)
SIGGC;SIGGC (Gerenciamento de Requisitos)
SIGGS;
SIGHA;SIGHA (Gerenciamento de Requisitos)
SIGHB;
SIGIA;SIGIA (Gerenciamento de Requisitos)
SIGIC;SIGIC (Gerenciamento de Requisitos)
SIGID;
SIGIM;
SIGIN;
SIGIP;SIGIP (Gerenciamento de Requisitos)
SIGLM;SIGLM (Gerenciamento de Requisitos)
SIGLO;SIGLO (Gerenciamento de Requisitos)
;SIGMA (Gerenciamento de Requisitos)
SIGMC;SIGMC (Gerenciamento de Requisitos)
SIGMO;
SIGMS;SIGMS (Gerenciamento de Requisitos)
;SIGNP (Gerenciamento de Requisitos)
SIGNU;
SIGOB;
SIGOC;SIGOC (Gerenciamento de Requisitos)
SIGOF;
SIGOT;SIGOT (Gerenciamento de Requisitos)
SIGOV;
;SIGOV_GOVCONTA (Gerenciamento de Requisitos)
SIGPB;
SIGPD;SIGPD
SIGPF;SIGPF (Gerenciamento de Requisitos)
SIGPI;SIGPI (Gerenciamento de Requisitos)
;SIGPL(Gerenciamento de Requisitos)
SIGPL;
SIGPM;SIGPM (Gerenciamento de Requisitos)
SIGPN;SIGPN (Gerenciamento de Requisitos)
SIGQI;SIGQI (Gerenciamento de Requisitos)
SIGRC;SIGRC (Gerenciamento de Requisitos)
SIGRO;SIGRO (Gerenciamento de Requisitos) 
SIGRR;SIGRR (Gerenciamento de Requisitos)
SIGRT;SIGRT (Gerenciamento de Requisitos)
SIGSA;
;SIGSC (Gerenciamento de Requisitos)
SIGSJ;SIGSJ (Gerenciamento de Requisitos)
SIGSP;
SIGSR;SIGSR (Gerenciamento de Requisitos)
SIGSS;SIGSS (Gerenciamento de Requisitos)
SIGST;
SIGTA;SIGTA (Gerenciamento de Requisitos)
SIGTC;SIGTC (Gerenciamento de Requisitos)
SIGTD;SIGTD (Gerenciamento de Requisitos)
SIGTF;SIGTF (Gerenciamento de Requisitos)
SIGTI;SIGTI (Gerenciamento de Requisitos)
SIGTL;SIGTL (Gerenciamento de Requisitos)
SIGTR;
SIGTS;SIGTS (Gerenciamento de Requisitos)
SIGTV;SIGTV (Gerenciamento de Requisitos)
SIGUS;
SIGVC;SIGVC (Gerenciamento de Requisitos)
SIHAB;
SIHDG;SIHDG (Gerenciamento de Requisitos)
SIHEX;SIHEX (Gerenciamento de Requisitos)
SIHOJ;SIHOJ (Gerenciamento de Requisitos)
SIIAC;SIIAC (Gerenciamento de Requisitos)
SIIAG;SIIAG (Gerenciamento de Requisitos)
SIIAI;SIIAI (Gerenciamento de Requisitos)
SIIBC;
SIIBS;SIIBS (Gerenciamento de Requisitos)
SIICC;
SIICD;SIICD (Gerenciamento de Requisitos)
SIICE;SIICE (Gerenciamento de Requisitos)
SIICL;SIICL (Gerenciamento de Requisitos)
;SIICO (Gerenciamento de Requisitos)
SIICO - BANCO AGENCIA;
SIICO - CANAIS DE DISTRIBUIÇÃO;
SIICO - CORRESPONDENTES;
SIICO - EMPREGADOS;
SIICO - FERIADOS RJ;
SIICO - INDICADORES;
SIICO - LOCALIDADES RJ;
SIICO - PRODUTOS;
SIICO - PV CEP RJ;
SIICO - SISTEMAS RJ;
SIICO - TIPOLOGIA DOCUMENTAL;
SIICO - UNIDADES BR;
SIICO - UNIDADES RJ;
;SIICO-CANAIS DE DISTRIBUIÇÃO (Gerenciamento de Requisitos)
;SIICO-INDICADORES (Gerenciamento de Requisitos)
;SIICO-PRODUTOS (Gerenciamento de Requisitos)
;SIICOSP (Gerenciamento de Requisitos)
SIICO_SP;
SIICP;SIICP (Gerenciamento de Requisitos)
SIICX;
SIIDF;SIIDF (Gerenciamento de Requisitos)
SIIDX;SIIDX (Gerenciamento de Requisitos)
SIIES;SIIES (Gerenciamento de Requisitos)
SIIFE;
SIIFG;SIIFG (Gerenciamento de Requisitos)
SIIFX;SIIFX (Gerenciamento de Requisitos)
;SIIGA  (Gerenciamento de Requisitos)
SIIGA;
SIIGF;SIIGF (Gerenciamento de Requisitos)
SIIGP;SIIGP (Gerenciamento de Requisitos)
SIIMA;SIIMA (Gerenciamento de Requisitos)
SIINA;SIINA (Gerenciamento de Requisitos)
;SIINB (Gerenciamento de Requisitos)
SIINC;
SIIND;
SIINF;SIINF (Gerenciamento de Requisitos)
SIING;SIING (Gerenciamento de Requisitos)
SIINT;SIINT (Gerenciamento de Requisitos)
SIINV;
SIIOF;SIIOF (Gerenciamento de Requisitos)
SIIPC;SIIPC (Gerenciamento de Requisitos)
SIIPO;SIIPO (Gerenciamento de Requisitos)
SIIPV;SIIPV (Gerenciamento de Requisitos)
;SIIRC (Gerenciamento de Requisitos)
SIISF;SIISF (Gerenciamento de Requisitos)
SIISO;SIISO (Gerenciamento de Requisitos)
;SIISP (Gerenciamento de Requisitos)
SIISP;SIISP
SIITA;SIITA (Gerenciamento de Requisitos)
SIITG;
SIITL;
;SIITO (Gerenciamento de Requisitos)
SIIVG;SIIVG (Gerenciamento de Requisitos)
SIJAD;SIJAD (Gerenciamento de Requisitos)
SIJUD;
;SIJUR (Gerenciamento de Requisitos)
SIJUR WEB;
SIJUR;
SIJUS;
SILAB;SILAB (Gerenciamento de Requisitos)
SILAP;SILAP (Gerenciamento de Requisitos)
SILCE;SILCE (Gerenciamento de Requisitos)
SILCO;SILCO (Gerenciamento de Requisitos)
SILCR;SILCR (Gerenciamento de Requisitos)
SILDC;SILDC (Gerenciamento de Requisitos)
SILDG;SILDG (Gerenciamento de Requisitos)
SILGT;
SILIC;SILIC (Gerenciamento de Requisitos)
SILIG;
SILIS;SILIS (Gerenciamento de Requisitos)
SILJI;
SILOC;SILOC (Gerenciamento de Requisitos)
SILOG;SILOG (Gerenciamento de Requisitos)
SILOJ;
;SILRC (Gerenciamento de Requisitos)
SILTC;SILTC (Gerenciamento de Requisitos)
SIMAA;SIMAA (Gerenciamento de Requisitos)
SIMAC;SIMAC (Gerenciamento de Requisitos)
SIMAG;
;SIMAI (Gerenciamento de Requisitos)
;SIMAI - Histórico (Gerenciamento de Requisitos)
SIMAI;
SIMAO;
SIMAX;
SIMBR;
SIMCA;
SIMCB;
SIMCD;
SIMCF;
SIMCN;SIMCN (Gerenciamento de Requisitos)
SIMCR;
SIMCT;SIMCT (Gerenciamento de Requisitos)
SIMCV;
SIMCX;SIMCX (Gerenciamento de Requisitos)
SIMDA;SIMDA (Gerenciamento de Requisitos)
SIMDP;SIMDP (Gerenciamento de Requisitos)
SIMEX;SIMEX (Gerenciamento de Requisitos)
SIMFI;SIMFI (Gerenciamento de Requisitos)
SIMGA;
SIMIC;SIMIC (Gerenciamento de Requisitos)
SIMIL;
SIMJE;SIMJE (Gerenciamento de Requisitos)
SIMJT;SIMJT (Gerenciamento de Requisitos)
SIMKT;SIMKT (Gerenciamento de Requisitos)
SIMLO;SIMLO (Gerenciamento de Requisitos)
SIMLT;SIMLT (Gerenciamento de Requisitos)
SIMMA;SIMMA (Gerenciamento de Requisitos)
SIMOB;
SIMOC;SIMOC (Gerenciamento de Requisitos)
SIMOL;
SIMOS;
SIMOV;SIMOV (Gerenciamento de Requisitos)
SIMPD;SIMPD (Gerenciamento de Requisitos)
SIMPF;SIMPF (Gerenciamento de Requisitos)
SIMPG;SIMPG (Gerenciamento de Requisitos)
SIMPH;
SIMPI;SIMPI (Gerenciamento de Requisitos)
SIMPL;SIMPL (Gerenciamento de Requisitos)
SIMPM;SIMPM (Gerenciamento de Requisitos)
SIMPP;SIMPP (Gerenciamento de Requisitos)
SIMPR;SIMPR (Gerenciamento de Requisitos)
SIMPU;SIMPU (Gerenciamento de Requisitos)
SIMRC;SIMRC (Gerenciamento de Requisitos)
SIMSC;SIMSC (Gerenciamento de Requisitos)
SIMTA;
SIMTC;SIMTC (Gerenciamento de Requisitos)
SIMTI;
SIMTR;SIMTR (Gerenciamento de Requisitos)
SIMTX;SIMTX (Gerenciamento de Requisitos)
SINAC;SINAC (Gerenciamento de Requisitos)
SINACOR;
;SINAD ( Gerenciamento de Requisitos)
SINAD;
SINAF;SINAF (Gerenciamento de Requisitos)
SINAFWEB;SINAFWEB (Gerenciamento de Requisitos)
SINAI;SINAI (Gerenciamento de Requisitos)
;SINAJ (Gerenciamento de Requisitos)
SINAT;SINAT (Gerenciamento de Requisitos
SINAU;SINAU (Gerenciamento de Requisitos)
SINAV;SINAV (Gerenciamento de Requisitos)
SINBC;SINBC (Gerenciamento de Requisitos)
SINBM;SINBM (Gerenciamento de Requisitos)
SINCD;SINCD (Gerenciamento de Requisitos)
SINCE;SINCE (Gerenciamento de Requisitos)
SINCH;SINCH (Gerenciamento de Requisitos)
SINCL;
SINCV;SINCV (Gerenciamento de Requisitos)
SINDA;SINDA (Gerenciamento de Requisitos)
SINEB;SINEB (Gerenciamento de Requisitos)
SINEC;SINEC (Gerenciamento de Requisitos)
SINEP;SINEP (Gerenciamento de Requisitos)
SINET;SINET (Gerenciamento de Requisitos)
SINEW;SINEW (Gerenciamento de Requisitos)
SINFS;SINFS (Gerenciamento de Requisitos)
SINGE;
SINIC;SINIC (Gerenciamento de Requisitos)
SINOP;SINOP (Gerenciamento de Requisitos)
SINOT;
SINOV;SINOV (Gerenciamento de Requisitos)
SINPC;SINPC (Gerenciamento de Requisitos)
SINPJ;
SINRF;
SINRP;SINRP (Gerenciamento de Requisitos)
SINUM;SINUM (Gerenciamento de Requisitos)
SIOBA;SIOBA (Gerenciamento de Requisitos)
SIOBR;SIOBR (Gerenciamento de Requisitos)
SIOBS;SIOBS (Gerenciamento de Requisitos)
SIOCC;
SIOCG;SIOCG (Gerenciamento de Requisitos)
SIOCR;SIOCR (Gerenciamento de Requisitos)
SIOCS;
SIOFG;
SIOGP;SIOGP (Gerenciamento de Requisitos)
SIOGU;SIOGU (Gerenciamento de Requisitos)
SIOMS;
SIOPF;
SIOPI;SIOPI (Gerenciamento de Requisitos)
SIOPM;SIOPM (Gerenciamento de Requisitos)
SIORA;
SIORF;SIORF (Gerenciamento de Requisitos)
SIORM;SIORM (Gerenciamento de Requisitos)
SIOSP;SIOSP (Gerenciamento de Requisitos)
SIOTR;
SIOUV;SIOUV (Gerenciamento de Requisitos)
SIPAB;SIPAB (Gerenciamento de Requisitos)
SIPAC;
SIPAE;SIPAE (Gerenciamento de Requisitos)
SIPAM;SIPAM (Gerenciamento de Requisitos)
SIPAN;SIPAN (Gerenciamento de Requisitos)
SIPAN_HOMOLOGAÇÃO;
SIPAR;
SIPAS - RJ;SIPAS - RJ
;SIPAS-SP (Gerenciamento de Requisitos)
SIPAS_SP;
SIPAT;SIPAT (Gerenciamento de Requisitos)
SIPBF;SIPBF
SIPBS;SIPBS (Gerenciamento de Requisitos)
SIPCA;SIPCA (Gerenciamento de Requisitos)
SIPCC;SIPCC (Gerenciamento de Requisitos)
SIPCI;SIPCI (Gerenciamento de Requisitos)
SIPCL;SIPCL (Gerenciamento de Requisitos)
SIPCN;
SIPCO;
SIPCP;SIPCP (Gerenciamento de Requisitos)
SIPCS;SIPCS (Gerenciamento de Requisitos)
SIPCT;
SIPCV;SIPCV (Gerenciamento de Requisitos)
SIPDC;SIPDC (Gerenciamento de Requisitos)
SIPDH;
SIPDI;SIPDI (Gerenciamento de Requisitos)
SIPEF;SIPEF (Gerenciamento de Requisitos)
SIPEL;
SIPEN;SIPEN (Gerenciamento de Requisitos)
SIPER;SIPER (Gerenciamento de Requisitos)
SIPES;SIPES (Gerenciamento de Requisitos)
SIPET1;
SIPFB;SIPFB (Gerenciamento de Requisitos)
SIPFC;SIPFC (Gerenciamento de Requisitos)
SIPFI;SIPFI (Gerenciamento de Requisitos)
SIPGA;SIPGA (Gerenciamento de Requisitos)
SIPGC;SIPGC (Gerenciamento de Requisitos)
;SIPGC_JORNADA (Gerenciamento de Requisitos)
;SIPGD (Gerenciamento de Requisitos)
;SIPGE (Gerenciamento de Requisitos)
SIPGE - Controladoria;
SIPGE - GESTÃO DE CONTRATAÇÕES E LOGÍSTICA;
;SIPGE Controladoria (Gerenciamento de Requisitos)
SIPGE;
SIPGO;SIPGO (Gerenciamento de Requisitos)
SIPGP;SIPGP (Gerenciamento de Requisitos)
SIPGT;SIPGT (Gerenciamento de Requisitos)
SIPIC;SIPIC (Gerenciamento de Requisitos)
SIPID;
SIPIE;
SIPII;SIPII (Gerenciamento de Requisitos)
SIPIS - SP;
SIPIS;
;SIPIS_SP (Gerenciamento de Requisitos)
SIPJE;
SIPLA;SIPLA (Gerenciamento de Requisitos)
SIPLC;SIPLC (Gerenciamento de Requisitos)
SIPLD;SIPLD (Gerenciamento de Requisitos)
SIPLE;SIPLE (Gerenciamento de Requisitos)
SIPLO;SIPLO (Gerenciamento de Requisitos)
SIPLS;
SIPMC;SIPMC (Gerenciamento de Requisitos)
SIPNC;SIPNC (Gerenciamento de Requisitos)
SIPNC_HOMOLOGAÇÃO;
SIPNG;SIPNG (Gerenciamento de Requisitos)
SIPNL;SIPNL (Gerenciamento de Requisitos)
SIPOB;SIPOB
SIPOG;SIPOG (Gerenciamento de Requisitos)
SIPOL;SIPOL (Gerenciamento de Requisitos)
SIPON;
SIPOP;SIPOP (Gerenciamento de Requisitos)
;SIPOR (Gerenciamento de Requisitos)
SIPOS;SIPOS (Gerenciamento de Requisitos)
SIPPG;SIPPG (Gerenciamento de Requisitos)
SIPPM;SIPPM (Gerencia de Requisitos)
SIPPP;SIPPP (Gerenciamento de Requisitos)
SIPPS;SIPPS (Gerenciamento de Requisitos)
SIPQV;SIPQV (Gerenciamento de Requisitos)
SIPRC;SIPRC (Gerenciamento de Requisitos)
SIPRE;
SIPRG;SIPRG (Gerenciamento de Requisitos)
;SIPRI (Gerenciamento de Requisitos)
SIPRO;SIPRO (Gerenciamento de Requisitos)
SIPRV;SIPRV (Gerenciamento de Requisitos)
SIPSC;SIPSC (Gerenciamento de Requisitos)
SIPSI;
SIPTI;SIPTI (Gerenciamento de Requisitos)
SIPTO;SIPTO (Gerenciamento de Requisitos)
SIPTX;SIPTX (Gerenciamento de Requisitos)
SIPXS;SIPXS (Gerenciamento de Requisitos)
SIQCC;SIQCC (Gerenciamento de Requisitos)
SIQOD;SIQOD (Gerenciamento de Requisitos)
SIQPE;SIQPE (Gerenciamento de Requisitos)
SIRAA;
SIRAE;SIRAE (Gerenciamento de Requisitos)
SIRAN;SIRAN (Gerenciamento de Requisitos)
SIRAN_RN3;
SIRAR;
SIRBA;SIRBA (Gerenciamento de Requisitos)
SIRBI;
SIRCA;SIRCA (Gerenciamento de Requisitos)
SIRCI;
SIRCL;SIRCL (Gerenciamento de Requisitos)
;SIRCO (Gerenciamento de Requisitos)
SIRCW;SIRCW (Gerenciamento e Requisitos)
SIRDI;SIRDI (Gerenciamento de Requisitos)
SIREA;
SIRED;SIRED (Gerenciamento de Requisitos)
SIREF;
SIREG;
SIREI;SIREI (Gerenciamento de Requisitos)
SIREL;
SIREM;SIREM (Gerenciamento de Requisitos)
SIREN;
SIREP;SIREP (Gerenciamento de Requisitos)
;SIREQ
SIREX;SIREX (Gerenciamento de Requisitos)
SIRFE;SIRFE (Gerenciamento de Requisitos)
SIRFF;SIRFF (Gerenciamento de Requisitos)
SIRFG;SIRFG (Gerenciamento de Requisitos)
;SIRFH (Gerenciamento de Requisitos)
SIRFT;SIRFT (Gerenciamento de Requisitos)
SIRGC;
SIRIC;SIRIC (Gerenciamento de Requisitos)
SIRIM;SIRIM (Gerenciamento de Requisitos)
SIRIN;SIRIN (Gerenciamento de Requisitos)
SIRIX;
SIRMA;SIRMA (Gerenciamento de Requisitos)
SIRMC;SIRMC (Gerenciamento de Requisitos)
;SIRMN (Gerenciamento de Requisitos)
SIRMO;
SIROT;SIROT (Gerenciamento de Requisitos)
SIROTCON;
SIRPC;SIRPC (Gerenciamento de Requisitos)
SIRPI;
SIRPL;SIRPL
SIRPW;SIRPW (Gerenciamento de Requisitos)
SIRPX;
SIRSP;SIRSP (Gerenciamento de Requisitos)
SIRST;
SIRTA;SIRTA (Gerenciamento de Requisitos)
SIRUC;SIRUC (Gerenciamento de Requisitos)
SIRUR;SIRUR (Gerenciamento de Requisitos)
SIRVA;SIRVA (Gerenciamento de Requisitos)
SIRVD;SIRVD (Gerenciamento de Requisitos)
SISAD;
;SISAF (Gerenciamento de Requisitos)
;SISAG (Gerenciamento de Requisitos)
SISAG - Gestão Registro Erro e Testes;
SISAG;
SISAN;SISAN (Gerenciamento de Requisitos)
SISAP;SISAP (Gerenciamento de Requisitos)
SISAQ;
SISAR;SISAR (Gerenciamento de Requisitos)
SISAT;SISAT (Gerenciamento de Requisitos)
SISBE;
SISCC;
SISCP;SISCP (Gerenciamento de Requisitos)
SISDC;SISDC (Gerenciamento de Requisitos)
SISDE;
;SISDE_RJ
SISDE_SP;SISDE_SP (Gerenciamento de Requisitos)
SISDU;
SISED;
SISEG;SISEG (Gerenciamento de Requisitos)
SISEM;SISEM (Gerenciamento de Requisitos)
;SISEN (Gerenciameno de Requisitos)
SISET;SISET (Gerenciamento de Requisitos)
SISFD;
SISFG;SISFG (Gerenciamento de Requisitos)
;SISFI (Gerenciamento de Requisitos)
SISFIN - BR;SISFIN - BR (Gerenciamento de Requisitos)
SISFIN_CAMBIO;
SISFIN_SP;
SISFW;
SISGC;SISGC (Gerenciamento de Requisitos)
SISGD;SISGD (Gerenciamento de Requisito)
SISGF;SISGF (Gerenciamento de Requisitos)
SISGH;SISGH (Gerenciamento de Requisitos)
SISGR;SISGR (Gerenciamento de Requisitos)
SISGT;
SISIB;SISIB (Gerenciamento de Requisitos)
SISIC;
SISIG;SISIG (Gerenciamento de Requisitos)
SISIT;SISIT (Gerenciamento de Requisitos)
SISKO;SISKO (Gerenciamento de Requisitos)
SISMB_SP;
SISME;
;SISMETRICAS (Gerenciamento de Requisitos)
SISMH;
SISMN;SISMN (Gerenciamento de Requisitos)
;SISMN_NORMAS (Gerenciamento de Requisitos)
SISMP;SISMP (Gerenciamento de Requisitos)
SISNA;
SISND;
SISNG;SISNG (Gerenciamento de Requisitos)
SISNP;SISNP
SISOC;SISOC (Gerenciamento de Requisitos)
SISOL;SISOL (Gerenciamento de Requisitos)
SISOU;SISOU (Gerenciamento de Requisitos)
SISPA;SISPA (Gerenciamento de Requisitos)
;SISPB (Gerenciamento de Requisitos)
SISPB MONTED;SISPB MONTED (Gerenciamento de Requisitos)
SISPB;
SISPE;SISPE (Gerenciamento de Requisitos)
SISPF;SISPF (Gerenciamento de Requisitos)
SISPI;SISPI (Gerenciamento de Requisitos)
SISPL;SISPL (Gerenciamento de Requisitos)
;SISPONTO (Gerenciamento de Requisitos)
;SISPONTO Requisitos
;SISPONTO Treinamento (Gerenciamento de Requisitos)
;SISPONTO_ALM (Gerenciamento de Requisitos)
SISR2;
SISR4;
SISRA;
SISRH;SISRH (Gerenciamento de Requisitos)
;SISRP (Gerenciamento de Requisitos)
SISSB;
SISSE;
SISSG;SISSG (Gerenciamento de Requisitos)
SISSO;
SISTA;
SISTESTE1COM;
SISTESTE2COM;
SISTN;SISTN (Gerenciamento de Requisitos)
SISTZ;
SISUR;SISUR (Gerenciamento de Requisitos)
SISUT;
SISUX;SISUX (Gerenciamento de Requisitos)
SISVC;SISVC (Gerenciamento de Requisitos)
SITAE;SITAE (Gerenciamento de Requisitos)
SITAG;SITAG (Gerenciamento de Requisitos)
;SITAH (Gerenciamento de Requisitos)
SITAH Convênios;
SITAH PMCMV;
SITAH;
SITAX;SITAX (Gerenciamento de Requisitos)
SITCH;SITCH (Gerenciamento de Requisitos)
SITCI;SITCI (Gerenciamento de Requisitos)
SITCS;SITCS (Gerenciamento de Requisitos)
SITDE;
SITDF;SITDF (Gerenciamento de Requisitos)
SITEC;SITEC (Gerenciamento de Requisitos)
SITEC_HOMOLOGAÇÃO;
SITEF;SITEF (Gerenciamento de Requisitos)
SITEL;
SITEM;SITEM (Gerenciamento de Requisitos)
;SITESTE (Gerenciamento de Requisitos)
;SITESTE100
SITEX;SITEX (Gerenciamento de Requisitos)
SITFS;SITFS (Gerenciamento de Requisitos)
SITIF;SITIF (Gerenciamento de Requisitos)
SITIP;
;SITIV (Gerenciamento de Requisitos)
SITJB;SITJB (Gerenciamento de Requisitos)
SITKN;SITKN (Gerenciamento de Requisitos)
SITLO;SITLO (Gerenciamento de Requisitos)
SITLS;
SITMA;SITMA (Gerenciamento de Requisitos)
SITMN;
;SITMO (Gerenciamento de Requisitos)
SITOP;SITOP (Gerenciamento de Requisitos)
SITRC;SITRC (Gerenciamento de Requisitos)
SITREINA_CEDESSP;
SITREINA_SP;
SITRF;SITRF (Gerenciamento de Requisitos)
SITRP;SITRP (Gerenciamento de Requisitos)
SITRR;SITRR (Gerenciamento de Requisitos)
SITRS;SITRS (Gerenciamento de Requisitos)
SITRW1;
SITRW;
SITUDO;SITUDO (Gerenciamento de Requisitos)
SITUDO_Ágil;
SITVM;SITVM (Gerenciamento de Requisitos)
SITWB;
SIU44;
SIU61;
SIUMP;
SIUNI;
SIUPL - Descontinuado;
SIURB;SIURB
SIUSR;SIUSR (Gerenciamento de Requisitos)
SIVAT;SIVAT (Gerenciamento de Requisitos)
SIVBA;SIVBA (Gerenciamento de Requisitos)
SIVCB;SIVCB (Gerenciamento de Requisitos)
SIVCC;SIVCC (Gerenciamento de Requisitos)
SIVCP;SIVCP (Gerenciamento de Requisitos)
SIVEP;SIVEP (Gerenciamento de Requisitos)
SIVIC;SIVIC (Gerenciamento de Requisitos)
SIVIR;SIVIR (Gerenciamento de Requisitos)
SIVIT;SIVIT (Gerenciamento de Requisitos)
SIVOC;SIVOC (Gerenciamento de Requisitos)
SIVPF;
;SIWCI (Gerenciamento de Requisitos)
SIWCT;SIWCT (Gerenciamento de Requisitos)
SIWEB;
SIWEG;SIWEG (Gerenciamento de Requisitos)
SIWFA;
SIWFM;SIWFM (Gerenciamento de Requisitos)
SIWFS;SIWFS (Gerenciamento de Requisitos)
SIWGE;SIWGE (Gerenciamento de Requisitos)
SIWIC;SIWIC (Gerenciamento de Requisitos)
SIWIN;
SIWLO;SIWLO (Gerenciamento de Requisitos)
SIWMC;SIWMC (Gerenciamento de Requisitos)
SIWOC;SIWOC (Gerenciamento de Requisitos)
SIWPC;SIWPC (Gerenciamento de Requisitos)
SIWRC;
SIXPE;SIXPE (Gerenciamento de Requisitos)
